과,하는일
복지정책과,"복지기획업무총괄,복지재단 설립, 지역사회서비스투자사업,지역사회보장계획, 찾아가는 보건복지서비스,찾동업무 총괄,복지서비스 등 시책사업 추진,고령친화 주거관리사업 구축 및 마을관리소 운영,재해구호 이재민관리,노숙인관리, 가사간병, 청년마음건강,보훈대상자 관리 및 수당지원, 보훈회관, 보훈단체 관리 및 운영비 지원, 의사상자 지원,,복지국장실 비서,복지연계업무 총괄,지역사회보장협의체 운영 관리, 복지공동체 운영 관리,종합사회복지관 운영 관리, 종합사회복지관 기능보강사업, 지역밀착형 종합사회복지관 운영 지원,사회복지법인 관리, 기부식품등 제공사업(푸드뱅크마켓) 운영관리, 공동모금회 관련사업(이웃돕기, 따뜻한 겨울나기),통합사례관리 업무 총괄,긴급지원 총괄,긴급지원상담 및 선정,통합사례관리-1권역(성북동, 정릉1동, 정릉2동, 정릉3동, 정릉4동),통합사례관리-2권역(길음1동, 길음제2동, 돈암1동,삼선동),통합사례관리-5권역(장위2~3동, 석관동),통합사례관리-4권역(동선동, 돈암2동, 월곡2동, 장위1동),통합사례관리-3권역(종암동, 보문동, 안암동, 월곡1동),돌봄업무 총괄,돌봄sos센터 사업 총괄, 돌봄서비스 지용지급(성북동-정릉3동),복지사각지대 발굴 및 지원 관리,우리동네돌봄단 운영, 구석구석발굴단 운영,[돌봄SOS센터] 서비스제공기관 관리, 대상자 자격관리, 생활복지통합정보시스템-돌봄SOS만!, 돌봄서비스 비용지급(정릉4-석관), 성북희망톡 관리,자원봉사팀장,자원봉사 센터 운영 등,자원봉사캠프,자원봉사단체 양성 및 운영, 사회단체보조금 지원 및 관리, 집수리 봉사단 사업 운영, 자원봉사발전위원회 운영, 재능기부 관련 업무,아동청소년 참여 예산사업(청소년봉사활동 기회 확대) 청소년 자원봉사 프로그램 운영 행복드림! 체인지 하우스사업 운영 자원봉사 교육봉사단 양성 및 운영,1인가구지원업무 총괄,고독사예방 종합계획 수립 및 실태조사,1인가구지원 종합계획수립,1인가구 실태파악 및 지원사업 홍보"
생활보장과,"생계・해산・장제급여,양곡지원, 차상위,생활보장위원회,복지대상자보장결정,보장비용 징수,의료급여 자격관리,국민건강보험료, 교육급여, 장애인 보조기기,의료급여 특별회계, 요양비 지급,의료비 환수,의료급여관리사성북동~보문동, 장위1동,의료급여관리사종암동~월곡2동,장위2동, 석관동,의료급여관리사정릉1동~길음2동,장위3동, 시설,복지서비스 신청조사,성북동, 종암동(관리),정릉4동, 보문동(관리),안암동, 월곡1동(관리),월곡2동, 길음2동(관리),(기초연금 조사)종암동, 월곡2동,돈암1동, 동선동,삼선동, 정릉1동(관리),돈암1동, 돈암2동, 석관동(관리),(기초연금 조사)성북동, 돈암2동,장위3동, 석관동,돈암1동, 장위3동(관리),석관동(관리),돈암2동, 장위2동(관리),(기초연금 조사)삼선동, 정릉4동, 길음2동, 장위2동,기초연금 총괄,범정부 신청조사 총괄,안암/길음1/월곡1/장위1,장위1동(관리),정릉3동, 길음1동(관리),동선동, 정릉2동(관리),(기초연금 조사)정릉1~3동, 보문동,주거급여 총괄,자활센터, 자활기업,서민생활 안정기금,자활기관 협의체,임대주택 지원사업,서울형 집수리, 에너지효율개선사업, 주택바우처,조건부수급자관리(3팀),국민취업지원제도,근로유지형 자활,조건부수급자관리(1팀),구직접자활사업(복지도우미),차상위 자활대상자 관리,자산형성지원사업,청년월세 한시 지원사업"
어르신・장애인복지과,"어르신일자리,경로당 시설 및 운영관리,경로당 시설관리 및 운영,대한노인회,경로당프로그램활성화,어르신시설팀장,실버복지센터 5개소,성북50+센터,정릉1동커뮤니티센터 운영 지원 등,노인여가복지시설운영관리,노인의료복지시설 운영관리,재가노인복지시설 운영관리,노인의집 운영관리,재가복지 업무 총괄,노인맞춤돌봄서비스 등,기초연금 결정 관리(성북동, 동선동, 정릉1~4동, 길음2동, 종암동, 월곡2동, 장위1동), 장사업무,기초연금 결정.관리.지급 및 기초연금에 관한 업무 총괄(삼선동, 돈암 1・2동, 안암동, 보문동, 길음1동, 월곡1동, 장위2・3동, 석관동), 코로나19 사망자 장례비 지원,재가 장기요양기관 운영 및 관리, 현지조사・행정처분 , 저소득 어르신 무료급식 사업,장애인지원팀장,무장애도시 성북 조성, 장애인단체 등 지원, 장애인단체 구정참여사업 등,장애인일자리 저소득무료급식지원장애인지원사업 등,발달장애인활동서비스(주간활동, 청소년방과후, 부모상담), 장애아동가족지원(발달재활서비스, 장애아돌보미) 지역사회투자사업(시각장애인안마서비스, 성인장애인맞춤운동서비스, 장애인보조기기렌탈서비스),장애인택시바우처, 장애인특별공급,장애인등록 및 장애정도 관련업무장애인등록 진단비 및 검사비 지급장애인연금 및 장애(아동)수당 업무이룸통장중증장애인 전수조사공공후견인 관련 업무,장애인시설 업무 총괄,・장애인사회복지법인・장애인자립생활센터・발달장애인평생교육센터・장애인가족지원센터・장애인자립생활주택・장애인탈시설 자립정착금・전동보장구 급속충전기 관리・성북420장애인차별철폐연대 총괄・서울장애인부모연대 성북지회 지원,장애인활동지원사업, 응급안전서비스, 장애인편의시설(보조금), 수어통역센터 관련 업무, 기타 팀직원 업무에 소관되지 아니한 업무,장애인복지관 지원 및 관리장애인 거주시설 및 생계급여 지원 및 관리장애인 직업재활시설 운영관리중증장애인 생산시설 및 생산품 구매실적 관리,-장애인 편의시설(보조금 제외)-건축물 신축.증축.용도변경 및 사용승인 협의"
여성가족과,"보육행정 업무 총괄, 보육사업기본계획수립,어린이집 예산총괄,국공립어린이집 운영관리,국공립어린이집 운영관리(정릉3~4동, 길음동, 종암동), 국공립어린이집 임면 및 호봉책정(정릉1~4동, 길음, 종암동), 어린이집 시설 안전 점검, 국공립어린이집 국유지 및 구유재산 변상금, 문서접수,국공립어린이집 운영지원(월곡,장위) 재위탁,변경위탁,보육정책위원회, 국공립 확충,어린이집 지도점검 총괄, 어린이집 행정처분 및 소송업무 총괄, 국공립어린이집 그린리모델링 사업 추진, 국공립어린이집 운영관리(석관동),서울형 키즈카페 신규설치 추진, 국공립어린이집 기능보강사업, 열린어린이집 관리,보육지원업무 총괄,어린이집 인허가 및 보조금 승인(종암동,길음1동,방과후), 어린이집 수급계획 수립, 직장・협동어린이집 총괄, 민간・가정어린이집 기능보강비 및 공기청정기 지원사업, 민간어린이집연합회 단체관리, 보육교직원 힐링연수 지원 사업,어린이집 인허가 및 보조금승인(동선동,돈암1~2동,안암동), 어린이집 대체교사 지원 사업, 민간・가정어린이집 교재교구비 지원 사업, 육아종합지원센터(월곡, 보문, 장위, sb장난감도서관, 시간제보육, 공동육아방) 운영, 보육통합시스템 관리,어린이집 보육교직원 교육관련 업무, 가정어린이집연합회 단체관리, 어린이집 보육교직원 경력관리 및 재직증명서 발급, 어린이집 보육교직원 성범죄조회 관리,어린이집 인허가 및 보조금승인(보문동, 길음2동,장위1~3동,석관동), 보육료 지원대상자 책정 및 이의신청(길음동~석관동), 양육수당・보육료중복지원에 따른 보육료 환수체납관리, 어린이집 보조교사(보육도우미) 지원 사업, 조리사 인건비 지원사업,- 어린이집 인허가 및 보조금승인(성북동,삼선동,정릉1~4동,월곡2동), 보육료 지원대상자 책정 및 이의신청(성북동~정릉동),보육료 책정 자격점검, 누리과정 차액보육료 지원 사업, 어린이집 친환경 쌀 급식 구매차액 지원 사업, 어린이집 급식관련업무 및 통학차량관리 업무, 어린이집 보육교직원 경력관리 및 재직증명서 발급, 어린이집 보육교직원 성범죄조회 관리,어린이집 부모 모니터링단 운영 사업,여성복지업무 총괄,양성평등정책,성인지업무,여성단체,여성교실, 여성문화센터, 여성안심사업, 양성평등기금,여성보호시설 지원 및 점검(충무계획 포함), 여성안심사업(택배함,안심쉼터,안심지킴이의집) 및 안심귀가 스카우트 인력 운용, 돌봄위기가정 복지플래너, 아동・여성보호지역연대 위원회 및 성매매집결지 지역협의체(T/F) 운영,출산다문화가족지원 업무 총괄, 저출산극복 업무 총괄,저출생 대응 종합계획 수립 및 기반조성결혼중개업 관리엄마아빠행복프로젝트(엄마아빠택시 등),성북가족센터 운영 관리 및 관련 업무, 다양한 가족지원 공모사업, 기타 저출생 극복 관련,저소득 한부모가족 지원, 한부모가족 복지시설 관리, 아이돌봄사업 지원 및 운영관리, 청소년부모 양육비지원, 엄마아빠행복 프로젝트(아이돌봄),아동수당 지급・책정 총괄, 부모급여 지급・책정 총괄, 양육수당 지급・책정 총괄, 서울시 임산부 교통비 사업 관리,첫만남이용권 지급,신혼부부 맞춤형 임대주택 업무, 다둥이 행복카드 운영,서울키즈 오케이존 지원사업"
아동청소년과,"아동청소년친화팀장,성북청소년문화의집, 월곡청소년센터, 놀이환경,청소년상담복지센터, 석관청소년센터, 청소년지도협의회,동행카드, 아동청소년참여예산, 장위청소년문화누림센터,놀이큐레이터 채용 및 운영 총괄, 청소년보호법, 유해환경감시단 관리운영,청소년특별지원사업,청소년증, 모범아동표창, 성년의날 축하카드,아동보호업무 총괄,아동보호전문기관장 겸직,아동학대 조사 공공화사업 총괄, 아동보호전문기관 운영,아동학대판단회의 운영, 아동학대 조사(신고접수,현장조사,응급보호), 행복e음시스템 조사 등록 관리, 피해아동 보호계획 수립 및 아동보호전문기관 연계, 사례관리 지도・감독, 아동학대조사 재택당직,아동학대 조사(신고접수,현장조사,응급보호), 행복e음시스템 조사 등록 관리, 피해아동 보호계획 수립 및 아동보호전문기관 연계, 사례관리 지도・감독, 아동학대조사 재택당직,아동학대 조사(신고접수, 현장조사, 응급보호), 행복e음시스템 조사 등록 관리, 피해아동 보호계획 수립 및 아동보호전문기관 연계, 사례관리 지도・감독, 아동학대조사 재택당직,보호대상아동의 보호조치, 보호중인 아동양육상황 점검 및 보호조치 변경, 보호조치 종료후의 사후관리, 사례회의 및 사례결정위원회 운영,보호대상아동의 보호조치, 보호중인 아동 양육상황 점검 및 보호조치 변경, 보호조치 종료후의 사후관리, 사례회의,보호대상아동 보호조치, 입양기관 , 보호종료아동 사업지원, 인권점검,드림스타트사업,맞춤형 아동통합서비스 사업추진 총괄,사례관리 총괄, 지역자원 관리 연계등, 대외협력업무 (사례분과),슈퍼비전 운영체계 구축(교육등)아동위원협의회,성북아동청소년센터 시설운영 및 예산총괄, 아동 청소년 건강지원사업, 청소년 휴카페 운영(기간제 채용 및 관리, 사회복무요원 관리등),결식아동급식지원(가맹점,단체급식소관리),아동급식위원회,기타급식관련업무등,우리동네키움센터 사업 총괄, 우리동네키움센터 공간발굴 및 설치, 우리동네키움센터 현안사항 처리, 키움센터 시설 위ㆍ수탁 업무, 거점형 키움센터 운영지원, 성북구 온종일돌봄지원 기본계획 수립, 온종일돌봄협의회 구축・운영, 키움센터 돌봄프로그램 기획・운영,우리동네키움센터 관리・운영, 키움센터 민간위탁 및 개소식 행사, 키움센터 예산 관리 및 지출, 온종일돌봄팀 시설 지도점검, 돌봄시설 홍보 및 키움포털 관리,틈새돌봄사업 운영, 아동복지교사 및 아동돌봄교사 채용 및 노무행정, 지역아동센터 보조금 지급 및 관리, 사회복무요원관리, 키움차량관리,아동학대 사례관리, 가족기능강화사업,아동학대사례 심리검사 및 상담, 법원(교육, 상담 명령)관련 업무,아동학대 사례관리, 가족지원사업,아동학대사례관리, 가족지원사업, 교육사업"
교육지원과,"미래교육 사업 총괄, 조례 정비, 민학관 거버넌스, 대학관련 현안업무,교육경비보조금 지원, 학교지원 관련, 교육복지 특별지원 사업,성북 미래교육지구, 마을강사 양성, 생각대로 프로젝트,서울런 활성화 지원, 교육지원관련 공약사업, 성북교육복지센터 협력사업,동교동락, 로컬스토리텔링, 대학연계 마을교육과정,성북혁신교육 모니터링,서울형 멘토링(서울런 오프라인 멘토링)운영 지원,친환경 무상급식 예산지원, 학교급식 식재료 공동구매 지원, 학부모 급식모니터단, 급식지원심의위원회 운영,공공급식사업, 친환경급식지원센터 운영, 농어촌 체험활동 지원,학교급식 식재료(친환경쌀)지원, 학교급식 식재료 안전성 검사,성북 열린시민대학 운영, 느린학습자 지원, 평생교육시설 운영 지원,평생학습관 시설관리, 국가 및 시・도 공모사업 지원,평생학습도시・협의회, 평생교육연간기본운영 계획・성과집,평생학습프로그램 특성화사업,학습동아리,동네배움터 총괄,한걸음에 닿는 동네배움터, 평생학습 프로그램 운영지원,청소년미래지원센터 운영, 대학입시설명회, 나비나드교육봉사단 5,6기 운영,학력신장 프로그램, 대학협력 관련, 민간경상보조사업, 나비나드교육봉사단 4기 운영, e-스튜디오 운영,자기주도학습 프로그램, 나비나드교육봉사단 운영 총괄, 고교-대학 연계사업,멘토링사업(관학협력, 문예체, 청소년 미래교육 등),진로직업체험지원센터 운영 총괄,중학교 자유학기제 지원, 성북진로박람회, 성북미래학교,진로체험, 서울시교육청필수사업(청진기, 진로콘서트, 서울진로직업박람회), 진로교사협의체, 꿈길,˙토요꿈마을학교 ・미디어 콘텐츠 ・진로체험아카데미・초등진로창의체험˙e-스튜디오 기반 프로그램 운영지원 직원, 마을강사 e-스튜디오 활용교육 지원,중학교 자유학기제 지원(기업가정신/로드메이커/미래직업탐험대), 인공지능 미래탐색, 진로체험 아카데미, 진로연계학기 등"
주택정책과,"주택정책업무 총괄,도시관리국장실,공동체 활성화 사업 총괄, 열린아파트 문화 만들기, 어르신보안관, 커뮤니티 플래너, 공동주택 심의위원회,임대사업자 총괄 등록, 계약신고 (길음동,정릉동),공동주택-공동체활성화, 관리지원, 아카데미 운영, 아파트 소통앱, 주거공유(한지붕 세대공감),임대사업자 등록, 임대차계약신고 (성북동, 삼선동, 동선동, 돈암동, 안암동, 보문동),차량운행 및 관리업무 공동주택 공모사업 현장지원 도시관리국 순찰(렌트)차량 관리,임대사업자등록 임대차계약신고(월곡동,장위동,종암동,석관동),공동주택 민원처리(길음2동, 월곡1,2동, 장위1,2동),공동주택 민원처리(성북동, 삼선동, 정릉3,4동, 석관동) 공동주택전문가자문단, 주택관리업 및 주택관리사 관리,공동주택관리 (정릉동1,2동, 종암동), s-apt 운영관리, 역량강화 교육지원, 분쟁조정위원회 운영,주택관리2 업무 총괄공동주택관리 및 행위허가,공동주택 민원처리(동선,안암,보문,길음1), 공동주택 실태조사 총괄,공동주택관리(돈암1~2동,장위3동) 및 공동주택 어린이놀이시설 안전관리시스템 관리,주택건설사업자 처분,행위허가, 시설물, 소규모 공동주택 안전점검, 재난, 재해 및 관련 업무,위반건축물 지도 점검 총괄,위반건축물 관리(성북동,종암동,길음동), 국민주택특별공급,위반건축물 관리(석관,장위,돈암동) 항측조사, 차량관리,위반건축물관리(정릉동,안암동), 행정심판 및 소송사무, 기존무허가관리,위반건축물관리(동선동,보문동,월곡동), 행정심판 및 소송사무정기분 이행강제금부과"
주거정비과,"부서 주요업무계획 및 의회관련 업무, 예산・회계총괄,장위1, 4, 14구역,장위2,10,15구역, 장위재정비지역 인허가,장위5,6,11,장위3,7,13구역,신월곡1구역, 길음촉진1,2,3,4구역,길음5구역, 신길음구역, 신길음1구역, 길음지구단위계획,길음역세권구역, 길음시장, 길음7,특별회계 및 세외수입 관리 정보몽땅(클린업시스템 관리)통계,동소문2구역, 삼선5구역,정릉골, 임원겸직 등 조회,보문2, 안암2, 재개발사업완료구역,동선2구역, (구)삼선3구역, (구)정릉2구역,성북2, 감리점검 및 품질관리, 건축물 미술작품,돈암6, 위험시설물 관리"
도시계획과,"도시계획 업무 총괄,도시계획위원회 운영 및 관리, 도시계획시설 결정 및 도시관리계획 업무, 지구단위구역 외 개발행위허가(토지형질변경) 및 건축협의, 장기미집행 시설업무, 비오톱, 체비지업무,지구단위계획 업무 총괄,지구단위계획 운영 및 관리(성북동, 정릉, 정릉3동, 동소문동2가, 종암),지구단위계획 운영 및 관리(동선, 월곡, 동덕여대, 성신여대, 보문, 석관),도시상임기획 업무 총괄,성북구 중점지역 도시전략계획 수립, 성북구 역세권사업 사전 검토, 성북형 고령친화 생활환경개선지구 수립,성북구 지역생활권계획 수립 운영관리, 도시관리계획 지원 및 홍보,고려대 안암동 도시재생활성화사업, 캠퍼스타운 조성사업 실행 및 지원업무, 캠퍼스타운 조성사업 거버넌스 구축 및 운영,서경대・한성대・국민대 캠퍼스타운 조성사업 실행 및 지원업무, 서울시 공모사업 지원업무, 캠퍼스타운 조성사업 거버넌스 구축 및 운영"
건축과,"건축허가(성북동, 동선동), 건축위원회 심의,건축통계 및 세외수입, 위법건축물 관리,건축허가(정릉동), 해체 및 한옥전문위원회,건축 인허가(종암동,동소문동,길음동) 구조굴토 심의, 세움터 권한 업무,건축허가(안암동, 월곡동),건축허가(장위동,보문동),건축허가 (삼선동,석관동,돈암동), 건축지도원, 특별감사원,성북구 공공디자인 진흥위원회 운영 및 관리, 공공디자인, 공공미술,공공건축물(건축),공공건축물(토목),공공건축물(건축), 한옥등록, 건축물 부설주차장 관리,공공건축물(전기),성북구 방송통신업무 총괄,성북구 민간, 학교, 공공 등의 방송통신시설 총괄, 스마트도시 인프라 및 IoT인프라 구축 총괄, 방송통신위원회 및 과학기술정보통신부 및 국토교통부(스마트도시) 업무 및 이양업무 총괄, 방송통신민원업무 및 방송통신영선업무 및 방송통신재난관리 및 복구업무 총괄,공공건축물(기계),기계설비법,승강기안전관리법,공구대여,실외기(열기 및 응축수관련) 업무,공공건축공사(장위지역밀착형 문화센터, 리앤업사이클, 월곡복합체육센터, 정릉2동주민센터),-장위전통시장 아케이드 신축공사-한천마을 주민공동이용시설 신축공사-돈암1동주민센터 공용청사 신축공사-서울청년센터 성북오랑 건립(신축)-길음2동주민센터고용청사 건립,건축안전특별회계, 직권 안전점검,건축공사장 안전점검, 인허가도서 검토(건축), 공모설계 기술검토,해체심의도서 검토 및 해체공사장안전점검 인허가도서 기술검토(구조) 취약시기 (주택사면,급경사지) 안전점검,건축물 정기점검, 찾아가는 안전점검, 기타 안전관련 업무"
공원녹지과,"북한산, 북악산 시공원 조성 및 유지관리장기미집행 공원용지 보상 총괄(북한산, 북악산),오동, 청량근린공원 조성 및 유지관리, 오동근린공원 책쉼터(숲속도서관) 조성사업 추진,개운산 조성 및 유지관리,문서접수, 생태체험관 프로그램 진행,공원관리 및 어린이공원 관련 총괄,어린이공원 조성 및 유지관리, 공원 유지관리, 어린이놀이시설 총괄, 기부채납 공원협의, 구관리공원 사용허가 등,마을마당/쉼터 조성 및 유지관리, 공원 내 실내놀이터 조성, 근린(10만㎡미만)공원・소공원・주제공원 조성,공원등 유지관리 각종 전기공사 및 유지관리,조경업무 총괄,가로정원 조성사업, 조경 협의, 가로변 녹지량 확충, 초록 드림 학교 조성, 자녀안심 그린숲, 도시계획시설 녹지 조성 및 협의,가로수 조성 및 유지관리, 정릉천 생태복원 및 녹화사업,옥상공원화 사업, 물을 이용한 친수공간 조성사업,생활주변 자투리땅 녹화사업, 및 수경시설 유지관리, 나무돌보미 관리 및 천연잔디운동장 유지관리,조경팀 기간제근로자 인건비 지급 및 물품구매, 사계절 꽃길 조성 및 꽃 식재 사업,조경분야 현장 유지관리 및 민원처리,산림 내 위험수목 처리 등,풍수해 대비 수방대책에 관한 업무북악하늘길 조성 및 유지관리산림 내 등산로 조성관리산림내 위험수목, 생활주변 위험수목 처리한양도성 탐방로 정비,도시 텃밭 조성 및 관리, 상자텃밭 보급, 도시 농부학교 및 미술일기 운영, 지방보조금사업(자연보호단체)관리, 생태농업분야 기간제근로자 관리,산불,도시농업,사방사업완료지 등 생태여가팀 현장업무 및 민원처리,산림(개발제한구역 등)순찰 및 단속 현장업무,생태여가팀 공무직 및 기간제근로자 등 인력관리"
교통행정과,"마을버스, 차 없는 거리 운영, 교통안전교육, 정릉버스공영차고지 복합화 사업 등,교통유발부담금, 기업체교통수요관리, 교통안전정책심의회, 단체관리, 어린이등하교 교통안전지도사 운영,화물, 택시, 대여자동차 관련 인허가,건설교통국장실 비서(3384) 안전생활국장실 비서(3387),공영주차장 건립 사업,교통안전시설물 유지보수 연간단가 공사,도로안내표지 관리 및 지자체 인센티브 업무,그린파킹(담장허물어주차장만들기) 사업 및 유휴지활용 주차장 조성.학교복합화 주차장 건립사업 추진자전거 업무 추진자전거보관대, 공공자전거(따릉이), 방치자전거, 자전거교육, 자전거도로 공사 및 유지관리개인형 이동장치(PM)에 관한 업무,자동차등록업무 총괄,자동차관리법위반과태료, 자동차관리정보시스템,자동차(이륜차)의무보험 과태료, 압류 등록 및 해제,이륜자동차,자동차신규등록, 자동차등록증 및 원부 발급,자동차 소유권 이전 등록,이륜차 신규, 변경, 이전, 폐지,자동차 저당. 말소.,자동차관리사업, 불법구조변경자동차 단속,자동차 무보험 운행 및 불법명의 사건수사.송치 등 특사경업무,무단방치, 자동차 주행거리계 교체, 차로이탈경고장치 미장착 과태료,자동차 검사 과태료, 건설기계관리,교통개선업무 총괄,교통영향평가 심의 및 협의, 동북선 경전철 관련 업무 협의,어린이 보호구역, 구도 교통안전표지(노면표시) 유지관리,교통안전표지, 안전속도5030"
교통지도과,"장애인주차구역 단속 및 민원처리 및 과태료 부과거주자우선주차제, 승용차마일리지,부설주차장 개방지원사업, 주차장 공유사업, 공영주차장 관리, 주차장 설치 및 관리 조례, 주차장 수급실태조사 등,장애인주차구역 단속 및 민원처리 및 과태료 부과,장애인주차구역위반 의견진술심의위원회거주자우선주차제,운수지도업무 총괄,교통민원 행정처분,법규위반차량 행정처분(이첩분(밤샘주차제외))응답소, 새올 등 민원처리(시내버스)운수종사자 면허 취소 등 업무관리마을버스 종사자 음주측정 관리 및 점검,주정차위반과태료 과오납 처리. 주정차위반과태료 이의신청, 교통관리시스템 전산관련 업무,주정차위반과태료 수납처리, 기수납자 압류해제처리, 등록말소관련 대체압류업무, 공매관련 교부청구,주차단속 사회적 약자 과태료 감면 총괄, 과태료 부과징수, 체납관리 및 차량압류, 도시관리공단 및 문화재단 위탁업무 수입 관련 업무 총괄,일반회계 및 특별회계 세외 수입 관리 , 주정차위반과태료 부과징수 및 체납관리, 차세대 지방세외수입정보시스템 구축 관련 업무, 과태료 가상계좌 민원 업무,시간선택제임기제 채용, 복무,시간제임기제공무원 급여총괄, 렌터카운행자 정보 변경, CCTV 전기요금, 통신요금 납부, 사전통보 총괄, 우편발송 및 요금 지급, 교통관리 프로그램, 시민신고(행안부 안전신문고앱) 민원처리,단속 CCTV설치 및 유지・관리, 단속 차량 유지・관리, 단속 관련 각종 물품 및 장비 관리, 시민신고(행정안전부 안전신문고앱) 민원 처리,주차단속에 따른 의견진술 접수 및 처리, 주정차위반 의견진술 심의위원회 운영, 주차단속 일보 작성 보고 및 서손 업무, 견인 대행업체 관리, 행안부안전신문고앱 및 서울스마트앱신고 민원처리,휴직,주차단속 전화ㆍ방문 민원처리, 120민원, 인터넷 민원처리담당동 : 성북동, 동선동, 안암동,주차단속 전화ㆍ방문 민원처리, 120ㆍ인터넷 민원처리 <담당동:길음동, 돈암동, 정릉동>,주차단속 전화ㆍ방문 민원처리, 120민원, 인터넷 민원처리<담당동 : 삼선동, 보문동, 종암동>,주차단속 CCTV"
건설관리과,"도시계획시설사업 보상(월곡동 150-191 도로확장공사・정릉동 365-4~404-3 간 도로확장공사・한양도성 산책로 조성사업・동소문동4가 271~278-1 간 도시계획시설 사업), 소송 및 미불보상, 장기미집행 부지 매수 등 민원관리(월곡,장위,석관동),도시계획시설사업 보상(장위동 69-49~68-1320 간 도시계획사업・한양도성 문화공원 조성(3차) 사업・2020 오동근린공원 조성사업・2020 와룡근린공원 조성사업・하월곡동 96-8~22-10 도로확장공사・석관동 73-24~77-84 간 도시계획사업・석관동 124-4~77-5 간 도시계획사업), 소송 및 미불보상, 장기미집행 부지 매수 등 민원관리(삼선,동선,돈암,안암,종암동),도시계획시설사업 보상(석관동 공영주차장 조성사업・동북선 도시철도 민간투자사업), 소송 및 미불보상, 장기미집행 부지 매수 등 민원관리(성북,보문,길음,정릉동), 보상협의회 운영, 보상관련 의회 업무,공공용지 조례 제・개정, 공공용지 점용허가 및 점용료・변상금 부과, 재산관리 총괄,공공용지 담당동(정릉,안암,월곡,석관,종암,삼선동), 일시도로점용 허가(월곡,석관,보문동),국유재산 관리 총괄, 공공용지 점용허가 및 점용료・변상금 부과, 재산관리,공공용지 담당동(성북,동선,동소문,길음,장위,돈암,보문동), 일시도로점용 허가(성북,동선,동소문동),차량진출입시설 업무 총괄, 지상하매설물 도로점용 허가 총괄, 공중선 관리,담당동(삼선,동소문,돈암,안암,정릉,월곡,석관동), 일시도로점용 허가(정릉,안암,돈암동),차량진출입시설 업무, 지상하매설물 도로점용 허가, 공중선 관리, 사설안내표지판 관리,담당동(성북,동선,보문,길음,종암,장위동), 일시도로점용 허가(장위,길음,삼선,종암동),광고물 허가신고 및 민원처리(정릉,장위,석관,안암동), 광고물관리 심의위원회 운영, 불법광고물 철거용역 및 부착방지 사업, 광고물 안전점검 및 조명관련 업무, 옥외광고업자 관리,광고물 허가신고 및 민원처리(성북,돈암,종암,길음동), 옥외광고정비기금 운영, 광고물 조례 제・개정, 현수막 지정게시대 사업관리, 공단 위탁 업무, 불법유동광고물 수거보상제 업무,광고물 허가신고 및 민원처리(동선,삼선,월곡,보문동),전단신고 업무, 연장허가 및 신고안내문 발송,불법유동광고물 민원처리 및 정비(갑지역:성북동~길음1동), 불법유동광고물 행정처분 및 과태료 부과,불법유동광고물 민원처리 및 정비(을지역:길음2동~석관동), 불법유동광고물 행정처분 및 과태료 부과,불법유동광고물 정비 차량운전 및 관리(을지역:길음2동~석관동),불법유동광고물 정비 차량운전 및 관리(갑지역:성북동~길음1동),가로정비 주요업무계획 수립, 가로정비 용역 관리 업무, 노상적치물 민원처리,보도상 영업시설물 및 거리가게 관리, 노점 단속 및 민원처리,가로정비 환경순찰, 노점 및 노상적치물 단속・정비(갑지역:성북동~길음1동), 응답소 현장민원 처리,가로정비 환경순찰, 노점 및 노상적치물 단속・정비(을지역:길음2동~석관동), 응답소 현장민원 처리,가로정비 차량운전 및 관리(갑지역:성북동~길음1동),가로정비 차량운전 및 관리(을지역:길음2동~석관동),가로정비 환경순찰, 노점 및 노상적치물 단속・정비 지원"
도로과,"시・구의회 관련업무, 구청장지시사항(공약사업), 구소규모 편익공사사업 시행, 서울시 및 외부기관 주요사업 추진 등,도시계획시설(도로) 매수청구 관련업무, 각종 통계업무(도로), 비 관리청 사업 및 도시계획사업,도시계획시설(도로)사업 시행 및 공사(장기미집행 도시계획시설)도시계획시설(도로) 매수 청구 관련 업무(주)건설공사 설계기준 작성(보조)담당동 업무(조사,보고,협의,민원,소송 등)비관리청 도시계획사업 업무,장기미집행 도시계획시설(도로) 관련업무 (보조)도로계획시설(도로)사업 시행 및 공사업무(보조), 각종 통계업무,도로굴착 업무 총괄,도로굴착복구 허가(상수도, 재개발), 도로굴착복구 기금운용, 도로관리심의 관련 업무,감독업무보조원 복무관리, 도로굴착복구기금 지출, 도로굴착복구 허가(통신, 개인, 하수, 기타), 도로관련민원 담당동(길음동),도로굴착복구 허가, 준공처리 및 복구비부과 (보조),감독업무보조원 복무관리 및 봉급 등 지출업무(보조),세외수입 관리(보조),도로굴착복구 허가, 준공처리 및 복구비부과 (보조),상수도(소규모), 통신 ,개인, 하수, 전기, 도시가스, 기타도로관련민원 담당동(안암동),지하안전관리계획 수립 및 지하안전시설물 현황관리(보조)건축협의 및 동업무(담당동 : 동선동)도로굴착복구 허가, 준공처리 및 복구비부과 (보조) -상수도(소규모), 통신, 개인, 하수, 전기, 도시가스, 기타,도로굴착복구현장 감독,○ 도로시설물 유지보수공사(2권역)○ 불량맨홀 정비공사○ 제설업무 추진○ 신속대응팀 운영(보조)○ 장위동 비관리청협의 및 민원처리○ 대직자:김웅(3563),도로시설물 안전점검 및 유지관리, 사면점검, 도로시설물 정밀점검 용역 및 보수보강, 제설업무 추진, 도로순찰차량 관리 업무,제설업무, 공공근로 관리, 도로관련민원 담당동(돈암동, 삼선동),도로보수반장, 120다산콜 민원처리, 도로보수용 자재관리, 지하보도 및 지하차도 유지관리, 보도육교 유지관리,도로보수 기계 장비 유지관리, 제설작업 관련 장비관리, 제설관련 자재관리, 관용차량 유지관리,시설물유지관리(민원처리업무),보도관리 업무 총괄,보도공사설계 및 심사.감독 업무, 포장도로 유지관리(시도,구도) 사업 관련 업무, 타 직원에 속하지 않은 업무,공사설계 및 심사・감독 업무, 거리모니터링단 운영총괄,공사설계 및 심사 감독업무, 보도정비 사업 보조업무, 거리모니터링단 운영 보조,공사설계 및 심사ㆍ감독 업무보도정비 사업 보조업무, 거리모니터링단 운영 보조,도로조명 업무 총괄,도로조명 사업계획 수립, 의회업무, 도로조명(가로등)공사감독, 가로등 시설물 유지관리, 한양도성 경관조명 유지관리, 비 관리청의 도로조명사업(주택사업) 승인,도로조명시설 공사 설계 및 감독, 보안등 시설물 유지관리(1구역), 타직원에 속하지 않은 업무,지하보차도 기전시설물 유지관리, 육교승강기/에스컬레이터 유지관리, 육교승강기/지하보도 CCTV 유지관리, 승강기 설치공사 설계 및 감독, 정릉 교통광장 분수시설 유지관리, 도로조명 전기요금 및 공공요금 관리/납부, 순찰차량 유지 및 운행관리,도로조명시설 공사 설계 및 감독, 보안등 시설물 유지관리(2구역-안암, 종암, 월곡, 장위, 석관, 길음2동)"
치수과,"수방대책총괄,풍수해대책본부운영,공사설계,하천시설물유지관리,수방대책 업무(부), 재난안전관련 기관・부서 간 협의업무, 재난안전대응 및 NDMS, FMS 등 전산시스템 운영, 하천내 공사장 안전관리 업무, 하천 시설물 유지관리(정릉천 하류, 월곡천), 하수(안암동),수방대책 업무(부), 건설공사 하자관리 업무 총괄, 공무원 돌봄서비스 운영, 풍수해 대책 일지 및 크로샷 관리, 자재관리, 공공근로 및 지역공동체 관리 업무, 하천(정릉천 상류), 하수(삼선동, 종암동),현장감독및하천순찰,하수도업무총괄,하수도침사지준설및장비관리,도로함몰예방,사유지내공공하수도,지하안전관리총괄,하수시설물유지관리(관내2구역),건설기술자문위원회,침수방지시설(장위동),수방대책 업무(부),풍수해 보험 관리, 재난지원금 관리, 하천(우이천, 중랑천), 하수(보문동, 동선동),지방공기업 회계업무하수(길음동, 월곡동),하수시설물 유지보수 및 순찰업무(기동반 관리),스마트순환도시조성사업 업무,빗물공모사업제안및신청,공무직 및 유지보수 자재관리 등,빗물펌프장 및 하천 전기설비 유지관리 (장위펌프장관리,지하수개발허가신고(성북동 〜정릉4동),석관빗물펌프장 유지관리, 빗물펌프장 기계, 소방설비(기계) 유지관리, 저류조, 하천시설 기계분야 유지관리, 지하수 개발,이용허가,굴착행위 신고업무 및 관리(길음1동~석관동),하천cctv유지관리, 하천변출입차단시설,양수기 및 수중펌프 유지관리, 하천변 방송시설 및 수경시설 운영관리, 빗물펌프장 소방설비(기계) 유지관리, 석관빗물펌프장 승강기 유지관리,비상대피알림시스템 유지관리, 하천변 수경시설 운영 및 관리(부), 지하수 굴착행위 신고업무(길음1동~석관동), 펌프장・하천시설물 공공요금 납부, 강우량계 유지관리,장위, 장위간이 빗물펌프장 시설 및 유지관리, 운영,펌프장 및 양수기 유지관리 운영,석관, 석관간이, 빗물펌프장 시설 및 석관저류조 유지관리 및 운영"
기획예산과,"성과관리, 성과평가, 통합성과관리시스템 구축 용역 진행,구청장 인사말씀, 과제중심 업무체계 총괄, 구의회 구정질문 작성 및 관리, 현안정책회의 등 주요 회의체 관리,공약사업 및 매니페스토, 외부기관 평가 자료 작성 및 수상실적 관리,서울시구청장협의회, 동북4구행정협의회 운영,정책실명제, 학술연구용역, 구정백서 등 관리,예산편성 총괄, 특별교부금(세), 이월, 예비비, 대외재정 및 현안업무추진, 건설교통국 소관 관리,지방재정 투자심사, 재정균형집행계획 수립 및 관리(신속집행), 공용청사(공공시설) 건립기금 ・통합재정안정화기금 운용, 행정문화국, 보건소 소관 예산편성 및 관리,성립전예산(간주처리), 국고보조금 관리, 행사.축제예산 관리, 성인지예산, 복지교육국 예산편성 및 관리,재정분석 및 재정공시, 지방보조금 관리(심의,구비사업), 도시관리국, 안전생활국, 도시정비신속추진단 소관 예산편성 및 관리,세입예산 및 중기지방재정계획 수립, 기금운용계획 및 관리, 예산배정・ 포괄비, 예산성과금, 전시예산, 기획재정국, 감사담당관, 의회사무국 소관 예산편성 및 관리, 예산 성과금,행정 및 민사소송 사무 총괄, 소송예산집행(수임료,포상금 등) 행정심판(처분청시스템 포함) 사무총괄, 변호사 법률자문, 무료법률상담실 운영,성북구 마을기록화사업 추진, 성북마을아카이브 시스템 및 기록의날 행사 운영, 민간기록물 자문위원회 운영 등,조례・규칙심의회 운영, 자치법규 제정・개정・폐지 등 법령 정비, 훈령・예규・고시・공고 등 중요문서 심사, 법무행정시스템 운영 및 관리,자치법규 내 규제개혁, 각종 통계 조사, 홈페이지 통계자료 관리, 통계연보 작성 및 발간, 사회조사, 사회지표 및 통계품질진단, 통계로 말하는 성북,공공데이터플랫폼, 정책매거진, GIS 마을지도, 융합지도, 커맵 등 제작,성북구도시관리공단 지도 감독 및 평가(업무 계획, 기관 인사・조직 및 예산, 경영성과 계약 및 평가, 예산(결산) 회계 업무),성북문화재단 지도 감독 및 평가(업무 계획, 기관 인사・조직 및 예산, 경영성과 계약 및 평가, 예산(결산) 회계 업무),창의제안(공무원, 주민제안), 직원 학습동아리 운영, 행정우수사례발표대회, 생활공감정책 참여단 운영, 정부 혁신업무,도시공간조정회의 운영, 공공시설 공급지표 분석, 공공시설 DB 정리 및 자료 현황 관리, 우수 공공시설 벤치마킹"
재무과,"재산관리업무 총괄, 공유재산변상금 징수독려,공유재산총괄(공유재산관리계획, 심의회, 소송등)공유재산실태조사 총괄, 공유재산관리(동소문동, 보문동, 정릉동, 월곡동, 장위동),시유재산 관리 및 변상금 부과 총괄, 공유재산 변상금 부과 총괄, 공유재산관리(성북동, 안암동, 종암동, 석관동), 공유재산관리조례 및 규칙,공유재산 체납 총괄, 부가가치세, 공유재산관리(삼선동, 동선동, 돈암동, 길음동),계약업무 총괄, 지출원인행위승인,주택정책과,주거정비과,공원녹지과,도로과 계약업무 및 주요업무계획 및 통계,공사총괄, 건축과, 도시계획과, 지역경제과 계약업무,[용역총괄]건설교통국(도로과 제외), 문화체육과, 교육지원과,여성가족과, 아동청소년과 계약,안전생활국(지역경제과 제외), 복지정책과, 생활보장과, 어르신・장애인복지과 계약 업무 및 담당국・과 관급자재 대직,원인행위 및 조달구매, 물품관리 및 불용매각, 감사담당관, 기획재정국, 민원여권과, 홍보전산과 계약업무,관급자재 총괄, 도시정비신속추진단, 행정지원과, 자치행정과 계약업무,지출업무 총괄, 예산집행합의,예산회계결산, 시비관리 및 지출, 재무회계규칙, 세출예산 월별자금 지출 종합계획 수립, 일상경비관리, 지출계산서, 세입세출자금일계표 정리 및 반납,세입세출외현금승인(세입세출외현금출납원), 기타담당 외 업무,구비관리및지출, 구금고관리, 이뱅킹관리, 세입세출자금일계표 정리, 일반지출 및 일상경비 반납,기금・국비・세입세출외현금관리, 회계직인・수입증지・법인카드 관리,봉급 및 수당, 연말정산, 소득세주민세 납부, 시간외 근무수당,재무회계결산, 복식부기, 채권관리,지방재정관리시스템(e호조)권한 및 관리"
세무1과,"과오납 환불 및 충당, 조례 및 규칙 관리,세입총괄, 세입현계, 세입징수보고,봉급, 수당, 청렴도,재산세 총괄, 종부세 관리 부동산 취득세 및 재산세(보문동),부동산 취득세 및 재산세 (정릉3,4동),부동산 취득세 및 재산세(삼선동),심의위원회,구제업무,부동산 취득세 및 재산세 (정릉1동,2동),부동산 취득세 및 재산세(동선동),재산조회,부동산 취득세 및 재산세(길음1동),부동산 취득세 및 재산세(성북동),부동산 취득세 및 재산세 (길음2동),지역자원시설세총괄,부동산 취득세 및 재산세(석관동),부동산 취득세 및 재산세(월곡1동), 비과세 감면 총괄, 지출예산,부동산 취득세 및 재산세(월곡2동),부동산 취득세 및 재산세(장위1동), 등록면허세 총괄,부동산 취득세 및 재산세(장위3동),부동산 취득세 및 재산세(종암동),부동산 취득세 및 재산세(돈암2동), 취득세 총괄,부동산 취득세 및 재산세(돈암1동,안암동),부동산 취득세 및 재산세(장위2동),부동산취득세,등록면허세(등록분),법인관리(돈암, 길음,장위),법인세무조사총괄,법인관리(성북,동선,보문),법인비과세감면총괄,법인관리(정릉,월곡,석관),법인서면신고총괄,법인관리 (종암, 삼선, 안암동),법인등록면허세총괄,주택평가(안암,정릉,길음) 의견제출,이의신청,주택평가(성북,돈암, 상하월곡) 공동주택 총괄,주택평가(동소문,동선,보문,장위) 개별주택 총괄, 부동산가격공시위원회,주택평가(삼선,종암,석관) 시가표준액 총괄 개별주택 전산총괄,수수료 징수 조례 및 규칙, 교부청구, 부동산 공매, 개인회생자 관리,결손총괄, 부동산압류 및 해제, 말소차량 관리,세외수입 총괄,세외수입 고액 체납자 명단 공개,세외수입 현계, 결산, 전산,세외수입예산, 차량압류 및 해제"
세무2과,"세입정리팀장,세입현계,지방세 환급, 과오납금 정리, 지방세 체납 충당 결의, 지방세 환급금 채권 압류 처리,수당,물품,지방세수납,자동차세 업무총괄,자동차세 수시분, 이륜자동차세부과,레저세,차량취득세 총괄,자동차세 총괄, 독촉고지서 송달,자동차세 비과세감면, 연분납,차량취득세,등록면허세(차량)자납,지방소득세 성북동, 정릉3동 담당,지방소득세 부과・징수(삼선동, 정릉1동, 정릉2동),지방소득세 부과.징수 및 부과취소.지방소득세 총괄,지방소득세(특별징수분) 수기분 입력, 보문동, 정릉4동, 동선동 담당,지방소득세2팀 장위1동,장위2동,석관동,법인지방소득세 총괄, 돈암동, 안암동 담당,길음1동,길음2동 지방소득세 담당,지방소득세 부과,징수(종암동,장위3동)독촉고지서 송달, 특별징수세액 정산,주민세,등록면허세(면허) 업무총괄,사업소분총괄,보문,월곡,석관동 담당,개인분 총괄, 성북,길음,삼선,장위동 담당,종업원분 총괄, 동선,정릉,종암동 담당,등록면허세 면허분 및 신고분 총괄 /주민세 삼선, 돈암1,2, 종암동 담당,압류 부동산 공매 및 납세 담보 총괄 관허 사업 제한 총괄,부동산압류 총괄, 급여압류 총괄 (길음동, 종암동, 월곡1동),교부청구, 법원 관련 채권 압류,출국금지, 고액체납자 명단공개 총괄, (돈암동, 안암동),체납세징수, 인센티브 총괄, 세입공적심의위원회, 포상금, 고발, 보문동, 석관동, 기타동 담당,결손 총괄, 기타채권 압류 총괄 담당동 : 성북동, 삼선동, 동선동,세무종합권한신청, 체납전산 총괄, 차량압류 총괄, 월곡2동, 장위동 담당,제증명, 부동산, 환급금 압류해제, 과오납,영치 전산 및 차량관리,차량공매총괄, 대포차,체납차량 번호판 영치,체납차량 번호판 영치 총괄,차량압류해제, 영치포상금 지급,번호판 영치 및 반환"
부동산정보과,"부동산중개업 행정처분 및 지도점검,부동산중개업 개설, 폐업, 고용해고 처리,부동산중개업 관련 기관 모니터링 처리,부동산실명제, 토지거래계약허가,부동산거래신고}(방문), 검인,부동산거래신고(RTMS 인터넷 신고),부동산실거래신고제 운영업무(총괄), 부동산거래신고 정밀조사 및 위반과태료(총괄), 토지거래계약허가(하월곡동),부동산실거래신고제 운영업무(RTMS시스템 권한부여),부동산거래신고 정밀조사 및 위반과태료 부과`징수,부동산등기해태과태료 부과・징수,외국인 부동산 등 취득허가(신고)제 운영업무,통합민원발급(건축물대장.토지대장등),토지이동, 측량성과검사,건축물대장 생성 등 작성관리(삼선,동선,보문,안암,정릉,종암) 동 등기소 연계 소유권 정리,토지이동, 측량성과검사, 토지소유자 정리(성북동,돈암동,월곡동,장위동,석관동),토지이동, 측량성과검사, 토지소유자 정리(안암동,정릉동,길음동,종암동), 부동산종합공부시스템 사용자 권한 관리,건축물대장 작성 및 관리(성북,돈암,동소문,길음,월곡,장위,석관동),개별공시지가 조사 업무(성북동, 정릉동) 및 개발부담금 부과 업무(성북동, 동선동, 정릉동, 장위동, 석관동, 상월곡동),개별공시지가 조사(돈암,동선,안암,길음,종암,상월곡동) 및 지가예산 개발부담금(하월곡,안암,종암,삼선,돈암,동소문,보문,길음동),개별공시지가 조사(장위,하월곡동), 공시지가관련 민원 처리 및 소송에 관한 사항, 토지소유현황 정책정보 제공 및 안심상속서비스 처리, 부동산등기용등록번호 부여・변경 및 관리, 개발부담금 부과・징수(동선,동소문,보문,길음동),개별공시지가 조사(동소문동, 삼선, 보문, 석관동) 공시지가관련 민원 처리 및 소송에 관한 사항, 토지이용계획 전산정비 및 열람도 정리, 지가조사업무 전산에 관한 사항,지적재조사사업, 도로명주소 총괄,지적재조사, 도로명주소 홍보, 개인별토지소유현황(조상땅찾기),도로명주소, 국가기초구역 및 국가지점번호 관리,건물번호 부여 및 관리, 사물주소 부여 및 관리, 주소정보시스템 유지 및 관리,상세주소 부여 및 관리, 도로명주소 안내시설물 관리 업무 지원, 개인별토지소유현황(조상땅찾기)"
도시안전과,"재난대응 매뉴얼 총괄, 안전관리위원회 운영・관리,기관평가 업무, 자율방재단 운영 관리, 재난안전분야 종사자 전문교육 관리, 재난관리자원 현행화 관리,o 자연재난(지진,가뭄) 대응, 공공시설물 내진보강사업o 위험시설물 순찰 및 관리대장 작성o 차량운행 및 관리o 코로나19 관련 업무 지원 (방역물품 관리, 방역수칙 단속 등),자연재난(폭염・한파)대응, 긴급재난문자 운영・관리,안전지원업무 총괄,지역축제 등 인파안전관리, 구민안전교육 추진,3종시설물 실태조사, 해빙기 및 우기 시설물 안전점검, 집중안전점검, 어린이놀이시설, 민간다중이용시설 위기상황매뉴얼 및 훈련점검, 초고층 및 지하연계 복합건축물 점검, 안전감찰 등,동마을안전협의회 운영,구민안전보험사업추진홍보,안전점검의날 운영,안전보안관, 안전신문고,중대재해처벌법 관련,중대시민재해 예방업무(안전보건체계 구축)중대시민재해 이행점검 등지자체 발주공사 안전관리,중대재해예방관련 업무-안전관리자,-보건관리자 업무-산업안전보건위원회,민방위대 편성 및 교육, 비상소집 훈련,민방위 과태료 등 세외수입,주민신고망 관리국가민방위재난안전교육원 교육,민방위대 편성 업무, 민방위 시설 및 장비 관리,사회복무요원 관리 총괄민방위계획 수립민방위 창설 기념의 일 행사중점관리자원의 날 행사을지연습지원,관제센터운영총괄,CCTV 구매 및 설치 등 관련업무,cctv 영상정보 열람 및 반출 민원상담, 관제센터 회의실 대관, 관제요원 보안교육 등,통합관제센터 모니터링 실적관리,CCTV 영상정보 열람 및 반출 민원, 전기 통신 공공요금 납부,CCTV 통합유지보수, CCTV 이전설치,기관평가 업무, 자율방재단 운영・관리, 재난안전분야 종사자 전문교육 관리, 재난관리자원 현행화・관리"
청소행정과,"공무관 관리(채용, 복무, 작업), 거리청결사업, 무단투기(동선동),건설,사업장폐기물 접수 CCTV, 무단투기(장위1동,장위2동),적환장 및 집하장 시설 운영 관리,무단투기(종암동, 월곡2동),공무관 임금 및 기금, 후생복지, 이륜차 수하차 관리,무단투기(길음1동,길음2동),대형폐기물 업체, 집하장 관리, 반입불가폐기물관리,종량제봉투, 가로휴지통,무단투기(장위3동,석관동),세외수입, 무단투기(성북동,삼선동,안암동,보문동),폐기물 수집운반 대행업체, 적환장 유지관리,공무관 휴게실 관리, 기간제 근로자 관리,무단투기(월곡1동),기동반, 청결기동대, 무단투기(정릉1,2,3,4동),재활용선별장 위탁관리, 새활용센터 건립,음식물류폐기물 처리업체 위탁관리,음식물쓰레기 감량화 사업 추진, 감량장치 및 종량장치 유지관리,재활용품 판매대금 관리기금, 재활용품 분리배출 교육,재활용정거장사업, 빈용기보증금, 의류수거함 관리,석관동 재활용선별장 관리,,정릉도시지원센터 내 재활용 관련 업무,위생설비 업무 총괄,공중화장실 관리인 복무 관리 및 휴게실 관리,민간개방화장실 운영 및 물품지원 등 총괄,공중화장실 시설관리, 정화조 대행업체 관리,정화조설치 및 준공(길음동~석관동),개인하수처리시설 지도점검, 지정폐기물,정화조설치 및 준공(성북동~정릉동),개인하수처리시설 지도점검, 의료폐기물,청소차량 관리,유류수급관리 및 청소차고지 시설물 유지관리,현장순찰 및 근무지원,CCTV 관리 및 차량정비 및 운전,도로 분진 청소,폐가전 등 수거,폐기물 관내 수송,폐기물 관외 수송,가로 노면, 도로 분진차량 운행,폐목재 관외 수송,재활용품 수거,도로 살수 청소,재활용품 수송,가로 노면 청소, 폐기물 관외 수송,도로 살수 청소, 폐기물 관외 수송,차량관리 및 업무지원,차량정비, 정기점검, 부품 수급 관리,도시관리지원센터 관리"
일자리정책과,"일자리지원 업무 총괄,일자리창출사업 총괄, 지역일자리목표공시제, 생활임금제운영,공공일자리 총괄, 동행일자리 지원사업, 일자리플러스센터,지역공동체일자리, 지역방역일자리, 직업소개소, 민원여권과 관련 업무(문서접수 등),취업(구인,구직)상담, 일자리플러스센터,동북권 패션・봉제산업 발전협의회 업무, 성북스마트패션산업센터, 패션봉제지원센터, 보문동공동작업장, 소공인특화지원센터,성북청년스마트창업센터,공장등록 및 변경,패션창업 공모사업, 스마트솔루션앵커,1인 창조기업 지원센터, 도전숙 관련 업무, 벤처창업지원센터, 중장년기술창업센터 운영관리, 성북창작소, 초기창업패키지, 사이언스 스테이션, 홍릉강소연구개발특구,1인창조기업지원센터 운영 총괄, 도전숙 관련, 창업 인큐베이팅,청년지원팀장,청년공간 동선이음운영, 청년참여기구(청년네트워크)운영,청년기본계획, 길음청년창업거리 운영, 미취업청년 응시료 지원,사각지대 청년 사회활동 지원사업, 청년의 날 행사 운영, 서울청년센터 성북오랑 조성 및 운영, 청년살이발전소 관리 및 운영 지원, 청년친화헌정대상,서울형 뉴딜일자리 사업 총괄 운영지역주도형 청년일자리사업 총괄 운영대학생 아르바이트 운영기타 청년지원 관련 회계업무 등,청년 전세보증금반환보증 보증료 지원. 청년 취창업 아카데미 운영 및 취창업 관련 대학 연계,청년공간 길이음 시설 운영 관리, 청년 프로그램 기획・운영, 뉴딜일자리(서비스기획・디자인 전문가) 사업 운영,동선이음"
지역경제과,"사회적경제 기본・시행 계획 수립, 마을・사회적경제센터 운영, 사회적경제 한마당 행사,공정무역센터 운영(공정무역 활성화 지원 사업), 청년소셜벤처 혁신 경연대회, 마을기업 육성 사업,사회투자기금 운용, 공유경제 활성화 사업(추진계획, 공모사업, 공유학교, 공구대여소 운영),협동조합 설립신고 및 관리, 협동조합 마을학교, 주간행사, 컨설팅 지원, 사회적경제제품 우선구매 공시제,(예비)사회적기업 인증・지정, (예비)사회적기업 재정지원사업(일자리창출, 전문인력, 사회보험료, 사업개발비, 지역주도형 청년일자리사업 지원),성북구 상공회 운영 및 지원, 중소기업육성기금 운영관리, 중소기업 지원관리, 아트테리어 지원사업, 전기통신금융사기 피해 예방 사업, 소상공인 재난지원금,성북동가게 인증 및 지원사업, 임산부 친환경농산물 지원사업, 가격표시제 및 물가조사, 착한가게 지정 및 관리, 담배소매인 지정 및 관리,제로페이,지역화페 총괄, 대부업 지정 및 관리, 착한임대인 지원사업, 계량기, 농수산물 관련 업무,통신・방문・전화권유판매업에 관한 업무,골목형 상점가 육성사업, 지역특화사업 시설물 관리,전통시장 시설현대화사업,특성화시장 육성사업, 길음,정릉시장 관리,골목형상점가 관리 및 활성화 지원사업 추진,전통시장 경영현대화 업무, 전통시장 행사, 온라인 지원사업, 온누리 상품권, 장위전통, 정릉아리랑시장 일반 민원처리 등,전통시장 안전관리업무 전반, 시장 배치 일자리 관련 업무, 대규모점포, 복권업, 돈암,돌곶이시장 관리,가축방역사업(AI, 광견병, 꿀벌전염병 등), 축산관계시설 출입차량 등록 및 관리, 수의사법 업무, 동물용의약품 관련 업무, 취약계층 반려동물 의료지원, 사료제조업 등 축산법 관련 업무,유기동물 및 피학대 동물 보호관리, 길고양이 중성화 및 급식소 사업, 동물 관련 교육,동물 등록, 동물 소유자 준수사항 관련, 동물관련 영업 업무, 동물보호 안전순찰대 관리, 유기동물 입양비 지원"
환경과,"환경기획 업무 총괄,석면 및 슬레이트 관리, 소규모 다중이용시설 실내공기질관리, 어린이 활동공간 환경안전관리,문서접수, 라돈측정기 대여서비스 운영,그린리더 양성, 찾아가는 환경교실 운영, 청소년 에코리더 양성 교육,환경개선부담금 부과・징수,탄소중립 업무, 기후변화대응,에코마일리지 관련 업무 추진, 탄소중립 실천사업 보조금 지급 및 관리, 학교절전소 운영, 공공부문 온실가스 목표관리제,성북절전소 운영 총괄, 녹색제품 구매 및 이행실적 관리,친환경보일러 보조금 지원,가스안전에 관한 기본계획 수립, 가스(도시가스,액화석유가스,고압가스) 인허가 및 안전관리업무, 도시가스 공사계획 승인(신고),석유판매업(주유소,일반판매소) 인허가, 석유 및 석유대체연료사업법 지도・점검 행정처분, 전문건설업(가스ㆍ난방) 인허가,미니태양광 사후관리, 공공태양광 보급, 취약계층 에너지 복지(LED 교체), 전기공사업법, 일반용전기설비,이륜자동차 정기검사 관련 업무, 측정대행업 및 환경전문공사업 관리, 폐수배출사업장(통합지도점검) 관리,미세먼지 관리, 대기오염 예경보제 운영, 전기차충전소 보급사업,비산먼지・소음민원・특정공사(담당지역: 장위동, 석관동, 삼선동, 안암동, 종암동, 길음동), 친환경공사장 관련 업무,비산먼지・소음민원・특정공사(담당지역: 동선동, 돈암동, 정릉동, 월곡동, 보문동, 성북동),대기오염배출사업장, 소규모 사업장 방지시설 설치지원, 토양오염유발시설 관리, 휘발성유기화합물질 배출사업장 관리, 잔류성유기오염물질 관리, 악취방지시설 설치지원,자동차배출가스 측정기 및 비디오 단속,자동차 공회전 단속, 자동차 매연신고,친환경자동차(전기차) 충전방해행위 단속 업무, 이륜자동차 정기검사 과태료"
행정지원과,"의전, 통합방위협의회, 치안협의회,당직관리, 차량관리, 근조기・축하기 관리,청사관리,봉급・수당, 기록물 및 물품관리, 공공근로, 주요 행사표 관리, 타직원에 속하지 않는 업무,청사방호 및 보안, 직장민방위, 예비군육성지원, 청사대관, 부설주차장 관리,부구청장 일정 및 지시사항 관리, 수행 업무,국장실 관리,정책 결정의 보좌 및 수행, 정책과제 협치 및 행정 조정(정책보좌관),구청장 비서실장,구청장실 비서 수행 업무,구청장실 비서, 수행업무,구청장실 기동비서, 수행 업무,각 기관 및 단체등의 대외정책 기획, 정무(수행)비서,정책 관련 기관 및 단체 관리, 정책사업 지원,정책 보좌, 부속실 관리,직소 민원 처리 및 구청장 수행 업무,동단위 단체 협회 관리 및 구청장 수행 업무,기술・별정・관리운영직 임용, 고충관리(총괄), 평정서열명부,행정・세무・사회직 임용, 조직 및 정현원 관리, 조직진단, 인력기획,복무, 명예퇴직, 공채 등,임기제・비정규직 관리업무 및 기준인건비 운영, 인사위원회 총괄,인사전산, 제증명, 건강보험, 연금, 호봉책정, 공무원증 관리, 대우공무원 선발, 호웅빌라 관리 등,직원교육, 능력개발, 상훈, 성과상여금,친절행정 업무 총괄, 구민평가단 운영, 인사통계 관리,공무국외연수, 힐링국내벤치마킹, 격무직원 국내연수, 삼척수련원 운영, 후생복지심의위원회, 공무원단체 업무,직원휴양시설 관리, 직원 동호회 지원, 직장어린이집,직원상조회, 체력단련실 운영, 장례물품 지원, 공무원단체 행사지원,맞춤형복지, 구내식당운영, 직원생일축하금, 건강검진비, 이웃돕기 성금, 여직원휴게실 관리,직장어린이집 운영(원장),국내교류 업무, 성북우정공원 및 성북동길 외국기 관리, 대외교류 관련 행사 총괄,정례회 및 임시회 업무,국회, 시의회 등 의정사항 관련 업무, 의회협력 예산관련 업무 등,정례회 및 임시회 업무, 의정활동요구자료 관리, 행정사무감사 및 위원회 관련 업무, 의회협력실 관리,국외교류(청소년 문화교류 등), 주한외교사절 교류업무, 외국인 행사 업무,글로벌빌리지센터 총괄,성북글로벌빌리지센터 운영, 프로그램 및 행사 기획,성북구 글로벌빌리지센터,차량관리실 업무총괄,주요간부 수행환경순찰,차량관리 및 관내 순찰 점검,차량 관리 및 운행,차량관리 및 운행,차량관리, 차량배차, 업무지원, 차량수리의뢰, 근조기수불관리, 관내순찰 및 점검,청내방송관련 업무,의전차량 관리,시설물 관리(소방시설물 등),청내 방송관련 업무,청사방호,청원경찰,공공안전관,발간업무"
자치행정과,"동행정, 선거, 공직선거법,통반장, 고향사랑기부제,확대간부회의 운영, 협치성북회의 운영, 민주평통 지원,주민등록, 인감,차량관리 및 행사지원, 동 주간행사표, 동차량 담당,민주화운동 관련자 지원, 우리동네주무관, 구민표창,동 현황 및 시책관리, 구청장실(자치행정, 동관련분야) 업무추진,현장구청장실 총괄 및 운영(10개동), 현장방문,메타버스 현장구청장실 구축, 현장구청장실 운영(10개동),주민참여예산 총괄, 주민참여예산위원회 운영, 주민참여예산 모니터링,사회단체 지원, 새마을금고 운영지원,동청사 신증축 및 리모델링, 동청사 유지보수, 동소규모,서울시 시민참여예산 업무, 주민참여예산학교 운영, 북한이탈주민 관리 및 운영 지원, 위원회 총괄,주민자치팀장,주민자치회 총괄,자치회관 평가,자치회관 프로그램, 자치회관 자율관리,주민자치협의회 운영동단위계획형 아동청소년 주민자치회주민자치회 지원인력 운영(급여,보험 등),주민자치사업단 회의 및 교육 운영 주민자치사업단 예산,회계,주민자치회 주민자치계획 지원 총괄, 주민자치 홍보, 주민총회,주민자치 사업실행 지원, 동단위계획형 시민참여예산사업 실행 계획,마을만들기사업 업무총괄,성북구 거점형 마을활력소 조성, 정릉 508단지 주민커뮤니티센터 건립 추진,마을만들기 사업계획 수립, 길음 마을활력소 운영지원, 마을사회적경제센터 지원,마을공동체 통합공모사업 및 관련교육, 공모사업참여단체 관리,정릉 마을활력소(함둥지) 운영 관리,369마을 도시재생 주민공동체 운영지원마을만들기 운영위원회 관련 업무,도시재생 마을공동체 운영지원도시재생 주민공동체 편의시설 설치도시재생 마을 네트워크 구축 및 운영 도시재생 지역 특화사업 추진서울시 관련업무(주거환경개선과) 추진,마을미디어지원센터 홍보/공동체 활성화 연계사업 추진/홈페이지 관리/센터 전자액자 운영/마을미디어 기관 대외협력,마을미디어지원센터 운영/예산/회계/교육,성북마을TV 콘텐츠 제작지원 및 방영 관리/마을미디어네트워크 운영 지원/성북구 라이브 중계단 담당"
문화체육과,"축제, 지역연고 문화예술단체 지원사업,종무행정, 구립예술단체 4개단체 총괄, 비영리법인 정관변경 등,성북문화재단 지원관리(문화시설 포함)문화도시추진, 직영문화시설(뜰안, 예향재),행정차량관리, 문화예술행사 차량 지원,문화예술 행사 및 축제 지원, 방식 국제 꽃장식 대회, 성북미술대전, 성북문화원 지원, 시청자미디어센터 운영 지원, 직원 수당 및 복무 관련 업무 보조,수요자맞춤형임대주택, 구립예술단체 4개 단체 운영 보조(수당 지급), 문화누리카드, 문화예술행사 대관 및 지원, 사회복무요원 관리, 공공근로 및 안심일자리 관리, 대학생 아르바이트 관리,문서 지정 등,성북역사문화 자원 발굴 및 활용, 만해 한용운 선양사업, 박물관 업무 등,선잠박물관 운영(전시기획, 유물관리, 연구 등),선잠박물관 교육,체험 개발 및 운영, 홍보, 자원봉사자 관리,성북 근현대문학기념관 전시 조성, 박물관 자료 수집 및 관리, 문화공간 이육사 뉴딜 안심일자리 근로자 관리, 전시 및 교육 업무 지원,성북 근현대문학기념관 전시 조성, 교육체험프로그램 기획, 문화공간 이육사 기간제 근로자 관리, 전시 및 교육 업무 지원, 사무 및 시설관리 지원,문화시설 건립 업무 총괄,문화시설 건립 업무, 삼선동 아동청소년도서관 및 보문동 도서관 건립 등,장위동 문화예술교육센터 건립, 창작연극지원시설 건립, 성북 문화예술천 특화 조성, 한양도성 산책로 조성, 정릉 관광안내광장 조성,문화시설 조성, 성북문예회관 건립, 근현대문학기념관 건립 등,도서관지원팀장,보문동 구립도서관 업무, 개관시간 연장지원사업, 구립도서관 환경개선사업,- U-도서관(무인예약대출시스템) 조성 및 관리- 삼선동 아동청소년 전용 도서관 건립- 새마을문고 업무 관리 및 지원- 오동숲속도서관 개관 지원,작은도서관, 독서동아리, 마을서점, 솔향기문화사랑방, 독서문화진흥 사업 및 서울시 보조금 사업 운영 관리(한책, 북스타트, 책모꼬지, 마을IN수다),생활체육 업무 총괄,체육행사 총괄성북구체육회 및 장애인체육회 관리체육 기금 운영, 길음복합시설 건립,-도시관리공단 산하 체육시설 관리 및 지원-보문동 복합체육시설 건립 업무-(장애인)스포츠강좌이용권 사업-체육비영리법인단체 관련 업무,체육진흥협의회 관리, 직장운동경기부 운영(펜싱부, 검도부), 체육시설업 신고등록 관리 및 지도・점검, 학교 지원 보조금사업(야간개방, 운동장 개・보수,공공체육시설 건립(월곡복합, 정릉배드민턴 등) 총괄, 소규모체육시설 설치 및 유지보수, 생활체육교실 및 축구교실 등 운영,역사문화센터 운영, 노래연습장업 관리,성북 문화관광 해설사, 시티투어버스, 역사문화탐방, 문화아카데미 운영, 서울도심관광협의회 관련 업무 등,PC방, 게임제공업, 영화비디오업, 여행업, 출판사, 공연장, 대중문화예술업 등 인허가와 관리 및 디지털스마트 관광안내판 관리,문화재 보수정비사업,문화재 보수정비, 현상변경 등"
홍보전산과,"언론홍보 업무 총괄,기획보도ㆍ인터뷰ㆍ기고문ㆍ(감사담당관, 도시정비신속추진단, 기획재정국, 도시관리국)보도자료 작성, 주요매체 취재지원과 보도관리, 신문 스크랩 총괄,성북소리 발간・운영, 성북소리 명예기자 운영,보도자료 작성(전 동, 건설교통, 행정문화) 및 신문구독 관리,고시공고, 구보 발행, 홍보물 제작,보도 자료 작성 및 사진 보도자료 제공신문 공고, 광고 및 간행물 관리, 명예의 전당,운전업무 및 취재지원, 홍보시설물 관련 순찰 등,구정행사 사진촬영, 사진자료 관리(새올, 홈페이지),미디어 업무 총괄,구정홍보 영상 촬영 제작 및 방송녹화 편집,미디어팀 예산・회계 및 의회 관련 업무, SNS 운영(블로그), 소셜미디어 서포터스 운영,홈페이지 리뉴얼 및 콘텐츠 발굴, 뉴미디어 트랜드 분석 및 매체 개발, 분야별사이트 운영 및 고도화,영상 촬영 제작, 유튜브 및 IP-TV 관리, 뉴딜일자리(영상미디어) 운영,홈페이지 웹서비스 통합 유지보수, 홈페이지 솔루션및 콘텐츠 관리 시스템) 운영관리,뉴스레터 및 카카오톡채널 운영, 인스타그램 운영 및 블로그 운영 지원, SNS 기획 영상 제작 지원, 아파트 엘리베이터TV 콘텐츠 기획 및 구성, 뉴미디어 트렌드 분석 및 매체개발,○ 전자액자(DID) 및 IP-TV방송 운영 및 유지관리○ SNS 운영(페이스북,당근마켓)○ 대표 홈페이지 유지 관리 지원○ 뉴미디어 홍보 콘텐츠(영상, 이미지 등) 기획 제작 지원,구정 주요행사 영상 촬영 및 기획 제작,지역정보화 기본계획 수립, 정보화사업 협의조정 및 사전협의, 정보화조례 제정 및 개정, 정보시스템 통합유지보수, 신규 정보시스템 구축 추진,행정업무용 전산장비(PC, 프린터) 구매보급 및 유지보수, 전산장비 대여 및 소모품 구매, IT희망나눔 사랑의 PC 보급사업, 스마트시티 공모관련 과제 발굴 및 사례분석,데이터기반행정 활성화, 공공데이터 개방, 통합메시징시스템 운영관리, 서버보안 등,직원 및 구민 정보화교육,새올행정시스템, 행정정보포털시스템, 내부메일시스템, 정보시스템 재난대비 대응 관련 업무, 통합스토리지 및 통합DB관리,구민 정보화교육센터 운영 및 시설물 관리,업무관리시스템, 문서 통합검색 시스템, 지리정보시스템(부동산종합공부), 공간정보정보보안 계획수립 및 관리, 행정정보 공동이용시스템,행정업무용 S/W 구매보급 관리, IT자산관리시스템 운영, 행정전자서명 발급관리,스마트시티 활용기술 인프라 분석 및 검토 스마트시티 공모관련 과제발굴 및 선정 스마트시티 현황분석 및 부서 간 협력유지 스마트시티 사례분석 및 동향파악,자가 정보통신망 구축,운영관리,유지보수,개인정보보호 추진 및 개인정보 내부관리 계획 수립, 보조기억매체 시스템 운영,정보통신 보안업무 및 사이버침해대응 계획 수립, 통신LAN설치, 영상회의시스템 운영,인터넷전화 배정 및 운영, 인터넷전화 교환기, 과금 및 컬러링 운영, 아날로그회선 유지관리 및 운영UC, 모바일 UC(성북톡톡) 시스템 운영"
민원여권과,"민원관리 총괄,문서배부, 야간민원실 운영, 사회복무요원 및 동행일자리사업,기록관리총괄, 기록물 평가 및 폐기, 기록관리시스템 운영, 종합서고 관리, 기록관리기준표, 부서문서접수,문서수발 및 외부 무인발급기 점검,우편물발송접수, 외부기관 문서 배부(전국시군구), 중대재해 관련 업무,외국인 체류지 변경, 통합민원,새올전자민원, 120다산콜센터,민원서비스 평가, 정부24 총괄, 응답소(일반)민원,・ 유기한민원, 유기한민원 수수료 정산・ 면허증발급(수렵, 이미용, 조리사), 생활자격면허증발급 ・ 통합민원발급(인감증명, 주민등록등․초본, 가족관계증명),통합민원발급[인감증명(외국인인감 포함),주민등록등・초본, 가족관계증명, 정부24접수(FAX민원, 출입국 및 외국인증명 포함)]주민등록등・초본 총괄, 사실조회, 통합민원정부24 ・ 어디서나민원 수수료 정산,통합민원발급[인감증명(외국인인감 포함),주민등록등・초본, 가족관계증명, 정부24접수 등,정보공개(종합평가, 원문공개, 사전적 공개 등) 업무 총괄, 무인민원발급기 관리,이해관계인 전용창구 운영 (이해관계인 주민등록등초본 발급 등),가족관계 등록팀장,법원업무,가족관계등록부 기록(국적상실),직권정정(성북동,종암동),새올전자민원 등,가족관계등록신고서 교합,직권정정(석관동, 장위동),가족관계등록신고서 교합(사망), 직권정정(보문동), 결격사유 조회,가족관계등록신고서 접수 총괄, 가족관계11호 통보,주민등록12호 통보,가족관계등록신고서 접수, 복수국적통보, 인구동태관리 등,가족관계등록 교합, 직권정정(동소문동, 월곡동),가족관계등록신고서 기록, 직권정정(정릉동, 삼선동),가족관계등록신고서 기록,직권정정(돈암동, 동선동),가족관계등록신고서 기록,직권정정(안암동, 길음동),여권총괄,여권심사,여권 교부, 접수,여권접수, 교부,여권접수, 여권교부,여권접수,여권교부,여권접수, 교부 등"
건강정책과,"보건소 국 단위업무,보건소 계약, 회계,보건소 청사관리(청사위탁, 유지관리)총괄,민원실 총괄,지역보건의료정보시스템(PHIS) 관리,보건소 통신, 청사 대관물품, 구내식당,급여 및 수당업무,비서실,셔틀운행 및 비상 근무시 운행지원,보건행정 행사지원 등,차량관리 및 차량배차,공익근무요원 관리,제증명 민원접수 및 수납, 건강진단서 및 진단결과서 발급 등 인증처리,영유아 예방접종, 임산부 관리,흉부방사선 판독, 건강검진 판정,내과진료, 방문진료,내과진료, 대사증후군,내과진료, 감염병관리,구강보건,동선지소(대사상담 ),정릉보건지소(임산부 및 영유아 건강관리),장위석관 보건지소(만성질환 및 모자보건),한의진료,걷기대회,걷기대회, 성정회, 아토피예방사업, 통합건강증진사업 총괄,걷지우연합회, 걷기동아리, 걷기프로그램(토요힐링숲, 9988어르신 걷기, 1530 캠페인),건강도시 업무차량,건강증진 업무 총괄, 건강생활실천사업 총괄, 식생활정보센터 및 금연클리닉 운영 총괄,건강증진팀 예산 회계, 금연사업 계획 수립 및 시행, 금연사업 홍보, 금연구역 지정 관련 업무, 금연클리닉 운영, 이동금연클리닉 운영, 금연구역 과태료 부과관리,금연구역 지정 업무. 금연사업 홍보물 제작 총괄. 금연 단속차량 임차,영양플러스사업, 생애주기별 영양개선사업,나트륨저감화사업, 국민영양관리 시행계획 수립, 기타 영양사업 전반에 관한 업무 등,신체활동 늘리기 사업, 비만사업 운영, 장애인 신체활동 및 비만예방사업, 생애주기 운동프로그램 운영, 기타 운동사업 전반에 관한 업무,공동주택 금연구역 지정, 세외수입 업무처리(과태료),금연단속원 복무관리,금연구역 지도점검 및 단속,건강생활실천 캠페인 운영,금연구역에서의 흡연 지도단속, 금연청정공원지킴이 및 공공근로 현장관리,건강증진 업무차량,흡연단속,건강주치의 사업,건강주치의사업,건강주치의 사업 (종암동, 장위1・2・3동),건강주치의 사업 (안암동, 월곡1・2동, 석관동),건강주치의 사업 (정릉1・2・3・4동),건강주치의 사업 (성북동, 삼선동, 동선동, 보문동)"
건강관리과,"모자보건실 운영, 임산부 등록 및 관리, 남녀건강출산지원사업,난임부부 시술비 지원 사업 및 한의약 난임치료 지원사업, 서울형 입원생활비(서울형 유급병가) 지원사업,산모신생아 건강관리지원,기저귀・조제분유 지원, 난청 조기진단, 미숙아 및 선천성이상아 의료비 지원, 선천성대사이상 검사 및 환아관리,서울아기건강첫걸음 방문간호사,방역, 소독업,성북보건소 건강관리과 1톤 방역차량운행과 관리 현대솔라티앰블란스 운행과 관리,코로나19 격리입원치료비, 코로나19 먹는치료제, 선별진료소,방역,현장방역,감염병(1급) 신고처리 및 관리, 코로나19 역학조사,역학조사반 업무 총괄,코로나19 역학조사 관련 인력관리 및 행정지원,국가인플루엔자 사업, 코로나19 예방접종 감염취약시설 관리 및 방문접종, 임시예방접종사업, 여성건강관리소 운영, 한센인 피해사건 피해자 생활지원비 지급,국가예방접종, 코로나19/예방접종 이상반응 및 피해보상,구강보건사업,구강보건실 업무,예방접종실 업무,치매관리사업통합방문건강관리사업,결핵관리사업,AI,IoT기반 어르신 건강관리사업,서울시 방문건강관리사업,성북동 방문간호사,삼선동 방문간호사,동선동 방문간호사,돈암1동 방문간호사,돈암2동 방문간호사,안암동 방문간호사,보문동 방문간호사,정릉1동 방문간호사,정릉2동 방문간호사,정릉3동 방문간호사,정릉4동 방문간호사,길음1동 방문간호사,길음2동 방문간호사,종암동 방문간호사,월곡1동 방문간호사,월곡2동 방문간호사,장위1동 방문간호사,장위2동 방문간호사,장위3동 방문간호사,석관동 방문간호사"
의약과,"의약과 업무 전반에 관한 지도감독 및 총괄,의료기관(병원급)인 허가 및 지도점검,의료법인 관리,의원, 치과의원, 한의원 관리,신속대응반 등 응급의료업무, 자동심장충격기(AED) 관리,한의진료실 업무 전반, 어르신 한의약 건강증진사업,희귀질환자 의료비지원, 암환자 의료비지원,만성질환관리,지역사회건강조사,의료기기 판매업소 및 마약류 관리,진단 방사선 업무,검사실 전반업무,수질검사,임상병리검사,임상병리실 검사업무,건강검진실,x-ray 촬영, 골밀도 촬영,x-ray촬영,골밀도검사,성북건강관리센터 업무,성북건강관리센터진료 업무 전반,대사증후군관리사업, 성북건강관리센터 건강매니저,대사증후군관리사업(운동상담),1차진료실전반,미투약자 관리,대사증후군관리사업(영양상담),물리치료 업무 전반,대사증후군관리사업, 성북건강관리센터,지역사회기반 자살예방사업, 마음건강검진 및 상담지원사업, 지역자살예방 및 정신건강증진사업,구조및응급처치교육(심폐소생술),・성북구 자살예방센터 위탁 관리운영 전반・성북구 자살예방 및 생명존중위원회 운영・정신재활시설 예산 관리 등 전반・성북구 심리지원센터 업무・자살유족지원 사업,건강검진실(~2023. 8. 4. 약무팀 지원근무),정신건강증진업무(중증정신질환관리),정신건강증진업무(아동정신),정신건강증진업무,정신건강증진업무(중중정신질환관리)"
보건위생과,"공중위생(이미용, 세탁업),식품접객업소 허가,신고,변경,지위승계,폐업, 위생지도점검(주야간), 안심식당, 음식문화개선사업,식품접객업소 점검 및 민원현장 순찰, 차량지원 업무,신규,지위승계,폐업(석관동,성북동,돈암동),건강기능식품(일반,유통전문)판매업 , 성북구어린이급식관리지원센터 관련 업무, 어린이 식생활안전관리 특별법 관련 업무, 소비자식품위생감시원 운영간리,식품제조・가공업,식품 소분・유통・판매업에 관한 업무, HACCP 의무적용, 대상업체 관리 및 보고, 기획별 식품안전 세부 시행계획 수립 및 점검 실시, 식품안전팀 신규사업 발굴 기획업무,즉석판매제조가공업, 부정불량민원처리총괄,신고포상금관련,식품접객업소 신규,지위승계,폐업(종암,정릉), 위생지도점검, 모범음식점,위생등급제 업무 등,공중위생 원산지관리업무 계획 수립, 농・수・축산물 지도단속 및 계획 수립, 직능단체 업무협의,축산물가공업・식육포장처리업・축산물판매업・식육즉석판매가공업 관리, 명예축산물위생감시원 관련 업무,목욕장업, 숙박업, 건물위생관리업, 위생용품제조업, 먹는물관리,식품접객업소 영업신고, 지위・승계, 변경, 폐업, 위생지도점검, 민원처리, 행정처분(장위동,안암동,보문동), 수거검사, 놀이시설 등 업소안전관리,위해업소단속 총괄,관내 위해업소 지도.점검 팀 예산(회계)관련 업무 관내 위해업소 민원처리(종암동,하월곡동,정릉동),위해업소 지도・점검(길음동), 소비자식품위생감시원 운영관리, 위해업소 행정처분(길음동)"
보건지소,"차량관리, 청사보안 및 청사관리, 제증명(건강진단결과서 및 건강진단서)접수 및 발급,문서, 물품, 급량비, 여비, 공공근로, 사회복무요원관리, 세외수입,대사증후군관리 및 100세시대 마을건강사업 업무전반, 운동상담 업무 및 운동프로그램 운영,대사증후군 접수 및 상담 업무,금연 및 스트레스상담,대사증후군 사업 및 100세시대 마을건강사업 업무,건강검진실 임상병리 업무,건강검진실 방사선 업무,재활보건사업 업무 전반 및 재활물리치료실관리,물리치료실 업무,재활, 물리치료 업무,정릉아동보건지소 사업총괄,정릉보건지소 임산부등록 및 영유아건강검진 관리,정릉보건지소 사업총괄,장위석관지소 사업 총괄, 동선지소 겸임,장위석관지소 청사 운영(예산집행),만성질환관리실,만성질환예방 운동상담,만성질환관리사업 영양담당,장위석관보건지소 모자보건사업,장위석관지소 모자보건사업 업무 계획 및 운영"
