,총무과,자치행정과,홍보과,교육지원과,문화체육과,민원여권과,기획예산과,일자리경제과,스마트정보과,재무과,징수과,재산세과,지방소득세과,복지정책과,어르신복지과,자립지원과,가족정책과,보육정책과,녹색환경과,건설관리과,공원녹지과,청소행정과,주택과,도시계획과,재건축사업과,건축과,부동산정보과,안전재난과,도로과,치수과,교통행정과,주차관리과,보건행정과,보건위생과,지역보건과,의약과,보건지소
0,의전,법정선거사무 추진,언론사인터뷰,구립도서관 조성 사업,양천문화원 관련 업무,우수기관 평가업무 총괄,과 예산 및 회계,"일자리플러스센터 운영 총괄(인력관리, 예산편성 등)",예산회계,"국,공유재산 업무 총괄",예산편성 및 구의회에 관한 사항,"재산세 업무총괄, 구세 과징계획수립",지방소득세(양소) 총괄,충무계획(보건복지 실시계획(복지분야)),양천시니어클럽 운영,장애인활동지원,"가족센터, 공동육아나눔터 운영",보육타운 건립,환경문예학교 및 환경의 날 행사 운영,지중화사업,목동중심축 5대공원 맞춤형 리모델링(3개공원) 설계 용역,"예산, 회계, 복무, 회의자료",공동주택 지원사업,"과 예산, 결산",재건축사업 관련 공약사항 총괄,"건축인허가(목1동,목5동)",도로명주소 안내시설물 설치 관리,주요업무계획 수립 및 각종 회의자료 작성,도로사업 중장기계획 수립,감사 및 공사장 점검관련 업무,"화물운송사업(일반)인.허가,변경허가 등","공약사업(주차장 조성), 역점사업 추진","보건소 예산편성 및 결산, 부서 예산 회계지출",식품접객업소 야간점검 총괄,코로나19 백신 예방접종업무 총괄,보건지소 업무 총괄,신월보건지소 업무 총괄
1,통합방위협의회,신월7동 건립 및 동청사 개보수(신월동),"축사, 기고문, 인사말 작성",양천중앙도서관 시설관리 및 구립도서관 개보수,지역문화진흥기금 관리,민원제도개선 및 민원행정종합계획 수립,회의자료 작성(국총괄),일자리플러스센터 연간 계획 수립,대외기관 공모사업 지원 등,공유재산 관리 총괄,"조례규칙개정, 주요업무계획 및 각종회의자료",지방세(구세) 심의위원회 관리,"지방소득세 부과 징수(목2동,신월4동)",사회복지직 인건비 총괄 운영,찾아가는 청춘극장 지원 및 관리,발달장애인 주간/방과후활동서비스,"임산부,맞벌이,다자녀가정 가사서비스 지원사업",출산친화도시 조성협의회,녹색제품구매 활성화,용왕산 달빛거리 조성사업,온수근린공원(제2도시농업공원) 조성사업,청소대행업체 관리,공동체 활성화사업,"인사, 복무",재건축사업 정책지원 업무,녹색건축물조성지원사업 총괄,도로명주소위원회 운영,"예산편성, 지출결산, 일상경비, 복무관리 등",부서 주요업무계획 및 대외 보고자료 수합 총괄,하수분야 사업계획 및 예산집행 계획수립,"화물운송사업(개별,용달,택배)인.허가,변경허가 등",통합관제(주차 솔루션 개발) 관련,일반임기제(의사) 채용 및 평가,식품접객업 옥외영업 관리,모자건강증진센터 운영,약업소 관리,신월지소 건강상담실 업무
2,신년인사회,동직원 근무평정(7급이하),기획보도 작성,구립청소년독서실 운영지원,건강힐링문화관 관련 업무,민원사무편람 관리,보안 물품관리 문서관리,일자리 잡다(JOB多) DAY 총괄,중소도시 스마트시티 조성사업,공유재산 관리계획 수립,"회계, 지출, 수당, 급여에 관한 사항",공약사업 관련 업무,이의신청 및 소송업무총괄,종합사회복지관 운영지원 및 관리,"어르신일자리 및 사회활동지원사업 운영 및 지원, 공무직관리",응급안전안심서비스,"다문화가족지원협의회, 외국인 지원사업","키즈 오케이존 신규발굴, 팀 회의자료 및 보고자료 작성 등",민간환경단체 보조금 지원,공중선 정비업무,"지시사항, 공약사항 업무",인센티브사업 총괄,임대사업자 업무 총괄,문서관리 등,"주요업무계획 수립 및 예산, 결산",건축위원회 운영,"도로명주소 안내시설물 설치, 관리",지역안전지수,"목동(2,3,4), 신월동 관련 업무협의",목동신시가지 남측 오수관로 정비공사,화물유가보조금 서류신청 및 시스템 승인관리,주차장 확충방안 수립 용역,"보건소 인사, 근무평정, 성과상여금","신월2,4,6,7동 민원처리 및 시설조사",서울아기건강첫걸음,세이프약국 운영사업,지역사회중심 재활사업 및 사례관리
3,"예산,회계 및 회의자료 작성",동 업무보고 및 당면 현안사항,기자설명회 및 홍보아카데미 개최,스마트도서관 관련 사업,종무행사 지원 및 제3종 시설물 안전관리,유기한민원 접수 및 교부,구정 주요업무계획 수립,일자리종합정보지 제작,양천 스마트도시 중장기 마스터플랜 및 중장기 로드맵 추진,공유재산심의회 운영,시구세 현계 총괄,조례규칙 제정 및 개정,"지방소득세 부과 징수(목5동,신월2동)",사회복지 외부공모사업 인센티브 지원,양천50플러스센터 운영,양천해누리복지관,1인가구 지원사업 총괄,서울엄마아빠택시 사업,"중수도,빗물이용시설,잔류성유기오염물질 관리",도로관리 점용허가 및 점용료 부과 징수 총괄(신월동,"주요업무 추진계획, 예산회계 관련 업무","환경공무관 인사, 복무, 임금",임대사업자 세입(과태료) 총괄,"서부트럭터미널 도시계획, 목동 도시계획, 도시계획위원회, 역세권 활성화 관리방안 용역, 기타 팀내 지정되지 않은 업무",구의회 업무보고 및 회의자료 등,예산 및 재무회계 총괄,"상세주소 부여, 관리","코로나19 대응업무, 재난안전대책본부 운영",부서 예산편성 및 의회업무 수합 총괄,중기재정계획 및 심사분석,영업용화물자동차 차고지 관련업무,기타 주차장관련 타직원업무에 속하지 아니한 사항,보건소청사 확충 건립 및 청사관리,재난배상책임보험 관련 업무,코로나19 예방접종 총괄,의약품 안전사용 교육 사업,물리치료 및 재활운동치료 총괄
4,"해맞이 행사, 직원 체련대회",노후 주민센터 재건축(공약),언론사 취재 동향 및 취재결과 관리,교육경비보조금(환경개선) 지원,구립합창단,"진정,질의,이의신청 등",각종 협의회 및 구청장 관련 회의 총괄,일자리창출 연간 기본계획 수립 및 평가,대외기관 공모사업 총괄,공제보험,"지방세 환급 총괄, 지방세 실무협의회",지방세(구세) 심의위원회 운영,수당.급여 등 일반회계사항,"사회복지법인, 사회복지시설 국가정보시스템",대한노인회 양천구지회 운영 지원,장애인권교육센터,여성친화도시 조성 및 평가,"양천구 육아종합지원센터 운영,관리","폐수, 기타수질 배출업소 관리","주요업무계획 수립, 회의(보고)자료 작성, 예산 및 회계","감사, 구의회 관련업무",청소처리작업 총괄,임대차계약신고(신정동_온라인접수),"신월동 도시계획, 토지관리업무, 기반시설부담금 관리 등",양천구 빈집정비계획 수립 업무,물품관리 및 기록물 관리,"건물번호 부여, 관리",안전관리계획,하자검사,하수기동반 및 공공근로자 운영 관리 업무보조,"주요업무계획 및 예산, 결산","공영주차장 설계 및 공사(기계,전기,소방,통신)",지역보건의료계획,식품접객업소 신고처리,국가필수예방접종,"예산편성, 지출결산, 일상경비, 복무관리, 봉급, 수당, 충무계획(보건복지)",재활기구대여
5,중대재해처벌 관련 업무,동 종합평가,부정확한 보도사항 해명자료 배포 및 관리,학교 체육시설 개방지원 사업,"역사홍보관,문화재",정보공개 총괄,"주요시책회의 운영, 분야별 구민토론회",고용노동부 일자리공시제,신월3동 스마트 도시재생사업 총괄,수입증지,"지방소득세, 주민세, 등록면허세(면허) 환급 및 소인","취득세 및 재산세 담당동(목1동,신월5동)",지방소득세(종소) 총괄,보훈단체 관리,"양천50플러스센터, 양천장수문화대학 운영",장애인 보조금 지원,조성협의체 및 시민참여단 운영,서울형 키즈카페 확충 및 운영,토양오염원 관리,도로관리 점용허가 및 점용료 부과 징수(목동),"각종 회의자료, 직원인사 복무관리 업무 등",가로휴지통 관리 등,임대사업자 등록관리 업무 지원,"토지관리업무(택지개발지구, 토기주획정리사업지구, 이주민 정착단지)",양천구 빈집 실태조사 업무,충무계획 및 보안업무 총괄,도로명주소 전산시스템(KAIS) 운영 및 관리,양천생활안전체험관(체험관 임기제 관리)운영,공사대장 정리,하수도관리전산시스템,기업체교통수요관리 및 인센티브사업 추진,공영주차장 유지보수 관리 및 민원처리,통합건강증진사업 총괄,"신정3,7동 민원처리 및 시설조사",인플루엔자 예방접종,병원급 의료기관 민원처리 및 지도점검,스포츠재활운동및 기타 재활프로그램
6,공용차량,동 운영자금 지원,"보도자료, 기획보도 작성, 포토뉴스, 동정보고",야간개방학교 조명등 관련 업무,"문화산업(PC방,노래연습장), 출판, 관광 등 (신월동) 및 관련업무 총괄",각종면허 업무,"공공시설 재편 관리, 행정수요 조사 용역",노동복지센터 운영,신월3동스마트도시재생사업 스마트리빙랩 운영,구유재산 순찰,수납총괄,지방세(구세) 이의신청 총괄,지방소득세(종소) 신고 도움창구 총괄,보훈수당 및 보조금 지급,노인복지기금,장애인복지사업평가,가족친화기관 인증,장난감도서관 및 공동육아방 운영관리,안양천수질관리 및 시민자율환경감시단,"하천, 지하매설물, 구거부지 점용허가 부과징수",공원등 유지관리 및 연간단가 사업,청소순찰,"예산, 회계, 주요 업무보고",도시계획시설 단계별 집행계획 및 매수청구,주택건설업자 관리,"건축인허가(신월3동,신정3동)","도로명주소 홍보, 활용",디지털안전체험관 운영,도시계획(도로) 집행계획수립 및 협의,응답소 민원처리시스템 관련 업무,교통량 감축계획(프로그램) 추진,통합관제시스템 설치 운영,열린보건소 운영 등,식품위생교육 관리 및 과태료처분,위탁의료기관 지도점검,병원급 의료기관 인허가,예산 및 청사관리
7,청사관리 등,동장회의,주간보도회의,교육박람회 운영 총괄,양천문화재단 관리 및 지원,외국인 업무,"주요업무 자체 평가업무(공약, 주요업무등)","감정노동, 필수노동자 관련 업무","디지털트윈, 스마트마루 설치",공유재산 실태조사 및 관리지원,"취득세, 재산세, 자동차세, 등록면허세(등록) 환급.소인",주요업무계획 및 각종 회의자료 작성,"지방소득세 부과 징수(목3동,신월1동)",보훈회관 건립,목동시니어 스마트교육센터,장애인복지위원회,여성능력개발사업,저소득 한부모가정 지원,"회의자료, 연말정산, 비밀관리",사설안내표지 설치 허가 총괄,"cctv 유지관리, 공원팀 수경시설(전기 설비분야) 유지관리",무단투기 추진반 운영,"서울형 주택바우처, 반지하바우처 지원 사업",신월동 도시계획 업무,정비사업 정보몽땅 운영,중대형건축물 점검 총괄,부동산중개업 지도점검(목동),"재난지원금, 재난관리기금 관리","목동(1,5), 신정동 관련 업무협의","신월2,4,6동 민원처리",나눔카 활성화 및 운영업무 추진,기계식 주차장 보수업 등록,세외수입 부과 및 징수 결의,"유흥주점, 단란주점 허가",코로나19 민간위탁의료기관 관리,마약류관리에 관한 법률 관련 업무,"신월보건지소 청사관리 및 민원 접수, 진료비 수납"
8,"당직관리(편성, 수당, 당직전담기간제관리)",동청사 시설 및 정비 유지관리,구정 보도 DB관리(스크랩) 관리,"교육박람회 프로그램(개막식, 교육포럼, 강연, 영어스피치 경진대회) 운영",양천문화회관 위수탁 관련 업무,새올상담민원,"구정 주요업무 시행계획 수립, 매니페스토 자료 관리",중대재해 예방 업무,인공지능자원회수 로봇 설치,채권 및 부가가치세 총괄,"부동산공매, 공탁금압류","수당, 급여 등 일반회계사항",지방소득세(종소) 신고 도움창구 인력관리,(구)지역사회보장협의체 운영,고령자 운전면허 자진반납 원스톱 서비스,장애인단체연합회,"부서 홈페이지 관리, 충무계획","가정양육수당,부모급여,보육료,유아학비 자격결정 및 지급","예산, 회계, 복무, 물품 관리",부가가치세 관련업무,"공원녹지, 조경, 안양천 내 전기시설 유지관리 및 전기 자재 관리, 공원팀 전기차량 관리","무단투기 단속, 과태료 및 포상금","희망의 집수리 사업, 저소득층 에너지효율개선 사업",역세권 활성화를 위한 도시관리방안 마련 용역,"정비사업, 주택건설사업 공사장 안전관리 총괄","건축 인허가(신정1동, 신월6동)",부동산중개업 개설(목동),행사 안전관리계획 심의 및 인파 관리,도로(차도) 유지관리 총괄,지하안전관리계획,교통유발부담금,회의자료 및 업무보고 총괄,월별 세입 현황,"신월1,3,5동, 신정1동 민원처리 및 시설조사",산후조리원 신고처리 및 지도점검,"의료기기, 안전상비의약품판매업소, 화장품, 의약외품 관련 민원처리 및 지도점검",신월보건지소 대사증후군 영양상담
9,"보안점검, 보안업무",자율방범대운영,언론사 공고 및 광고 의뢰,교육박람회 홍보 전반,문화예술자문단 운영,통합민원 및 증명서 공용발급(기타),"우수부서 종합평가, 지속가능발전 업무",동행일자리(구 안심일자리)사업 운영,대외기관 공모사업 추진,감정평가업자 관리,개인회생 및 파산,취득세 및 재산세 담당동(목3동),마을세무사 업무총괄,지역사회보장계획,고령친화도시 조성,장애인일자리사업,여성단체 공익활동 지원사업 및 여성지도자 워크숍,"문서배부, 초과근무관리, 직원 급량비 및 여비 지급, 충무계획",기타 타직원에 속하지 않는 업무,국공유지 재산관리(국토교통부 소관),"시유공원 조성, 정비 및 유지관리",무단투기 새올응답소 등 민원업무처리,청년월세 한시 특별지원 사업,지구단위계획구역 재정비 수립 총괄 및 지원,정보공개청구 총괄,건축사 및 행정처분 관리,부동산실명법 관련 업무,안전관리위원회 및 안전정책실무조정위원회 운영,제설대책 업무 총괄,불량맨홀 및 장비투입구 유지관리,무임카드관리,"주차장 특별회계, 일반회계 예산편성 집행 결산",보건민원 접수 및 수납,위생분야 평가 관리,저소득층 기저귀조제분야 지원사업,의원급 의료기관 인허가 및 지도점검(목동),신월보건지소 영양사업운영
10,부구청장실 비서 업무,"동청사 개.보수 총괄(목동, 신정동)",구보 발행,교육박람회 백서 발간,뉴딜일자리사업(문화재단) 관련 업무,가족관계증명 발급업무 총괄,"구청장,부구청장 당부사항 관리",예산회계 집행 및 편성？결산에 관한 사항,스마트도시 리빙랩 운영,물품관리,"체납 담당동 : 목3동, 신월3동",재산세 정기분 총괄,"지방소득세 부과 징수(목4동,신월3동)",사회복지의 날 기념행사,어버이날 행사,장애인복지기금,"성희롱,성폭력,성매매,가정폭력 등 6대 폭력예방사업","주요업무보고 및 회의자료, 구의회",석면안전관리 및 지도점검,국공유재산 용도폐지,도시계획시설 보상(온수공원),무단투기과태료 세외수입 총괄,저소득층 공공임대주택 공급 지원(정기/수시),지구단위계획 총괄 및 지원,의원 요구자료 총괄,도로대장 관리 및 위반건축물 대장 총괄,부동산중개업 지도점검(신월동),"한파, 폭염, 가뭄대책 추진",공사설계 및 감독업무 수행,하수도 유수장애시설 관리,"여객자동차(개인택시,일반택시,마을버스,전세버스)인허가 등 관련업무","직원복무관리, 봉급, 수당","청사 청소용역, 의료폐기물 용역 관리",모범음식점 및 위생등급,다둥이맘 산후회복지원사업,의료업소 행정처분,대사증후군관리사업 운동상담
11,차량지원실관리등,폭염대책,구정행사 사진 촬영,교육경비 보조금 지원(프로그램),"예산편성, 지출결산, 일상경비 회계처리 업무",어디서나 민원업무 총괄(대학민원 수수료 관리),"일반연설문(종무식,시무식), 명절인사말 작성",구의회 및 선거 관련 사항,스마트도시 정책 자문위원회 운영관리,"문화체육과, 민원여권과, 건축과, 도시계획과, 주택과",교부청구,취득세 및 재산세 담당동(목2동),지방소득세 비OCR고지서 수기입력,행복e음 총괄,기초연금 총괄,자립생활지원센터,"가정,성폭력상담소 등 관리 운영(피해자 의료비 등)",아동수당 지급,석면피해 구제급여,보상에 관한 업무 총괄,"구 소유 근린공원 정비 및 유지관리(파리, 신트리, 오목, 목마, 오솔길, 달마을, 목동)",대형폐기물 처리,"문서 배부, 우편물 관련 업무",목동택지개발사업 지구단위계획,각종 통계업무 총괄,집합건축물 관련 업무 지원,"모범, 글로벌, 모니터링 중개업소 관리","어린이이용시설 종사자 안전교육, 학교주변 및 어린이놀이시설 등 안전관리",팀 예산편성 및 의회업무,"신월1,3,5,7동 민원처리",택시유가보조금 관련 업무,"시설관리공단 관련(예산, 세외수입)","보건소 당직 운영, 사회복무요원 관리","목2,3,4,5동 민원처리 및 시설조사","고위험임산부, 난임부부, 한방난임, 청소년산모 지원",재난업무에 관한 사항,신월보건지소 운동프로그램 관리
12,차량지원실,통반 및 행정구역 조정 관리,구정홍보사진 인화 및 홍보판 관리,"장학기금 운용, 서울희망장학금","충무계획, 세외수입, 물품, 차량관리",무인민원발급기 관리,미래양천포럼 운영,주요업무계획 및 각종 회의자료에 관한 사항,로봇활용 사회적 약자 편익 지원사업,"어르신복지과, 자립지원과, 청소행정과, 교통행정과 소관 계약 업무",지난년도 체납 총괄,종합부동산세 자료관리,지방소득세 신고서 접수,직원 후생복리 및 수당 지급,"저소득 어르신 급식지원 사업(경로식당, 도시락배달, 밑반찬배달) 관리 및 지도점검",장애청소년상해보험,"여성폭력방지위원회, 1인가구 안심지원사업",첫만남이용권 지급,어린이 활동공간 위해성 관리,건설기계 민원처리,도시자연공원 구역 사유지 협의 매수,"반입불가폐기물(폐합성수지, 폐목재 등) 처리","복무,보안,물품,인력(공익, 공공 등) 관리",신투리 택지개발지구 지구단위계획,목동아파트 재건축 정비계획 총괄,건축인허가(신월4동),부동산중개업 개설(신월동),"찾아가는 안전교육, 국민안전교육, 의용소방대 지원 및 관리",도로시설물 및 부속시설물 유지관리 총괄,"구의회,예산,회계, 부서물품관리, 홈페이지 및 문서관리","여객자동차 차고지 관련업무,물류창고업, 화물터미널 관련업무",공영주차장 운영 민원처리(신정동),"전자문서 접수 및 배부 , 직원표창 및 상훈관리",예산 및 회계,모성실 운영,의료인 성범죄 및 아동학대 관련 점검 및 관리,신월보건지소 대사증후군관리 사업
13,"행정지원국장실, 기획재정국장실,주민복지국장실 비서",통반장 관리 및 통장자녀 장학금,포토뉴스,"학교폭력 예방사업, 학생안전 관련업무","직원봉급 및 각종수당, 직원복무관리",통합민원,구정백서,부서 직원 인사에 관한 사항,키오스크 설치 및 운영관리,"계약심의위원회 운영, 주민참여감독제 운영","부동산압류, 출국금지","취득세 및 재산세 담당동(신월2,3동)","지방소득세 부과 징수(목1동,신월5동)",소관시설 사회복무요원 및 동행일자리 관리,"매장, 화장, 신고자료 관리(수급자 관리용)","발달재활서비스, 언어발달지원, 부모심리상담서비스, 장애아가족양육지원","여성안심사업(안심귀가,택배함,지킴이집,귀갓길)","서울시 임산부 교통비 지원, 다둥이 행복카드",환경개선부담금 체납 관리,전문건설업 등록사항 업무,산업안전보건법관련 계획수립 및 관리,무단투기 CCTV 및 로고젝터 설치 관리,"봉급,수당,연말정산 관리 / 기타 타 직원에 속하지 않는 업무","신정2,3 택지개발지구 지구단위계획",목동아파트 재건축사업 추진(목동 1~7단지),세움터 관리,개업 및 소속 공인중개사 연수교육,"안전취약가구 복지서비스, 재난안전예산, 문서접수","제설대책 업무담당(제설제,제설자재,장비)",하수악취개선관련 업무,자동차 대여사업 인 허가 등 관련 업무,시설관리공단 위수탁 관련업무(신정동),민원실 예산 및 주요업무 계획,식품진흥기금 관리,남녀 임신준비 지원사업,의료기기 판매업 민원처리,신월보건지소 민원상담및 접수대직
14,"직원후생관 식단,영양,위생관리",동 물품 및 장비지원,포토갤러리 운영,교육관련 자료 현행화,"민간 문화예술단체 및 예술인 지원, 관리",자원봉사관리,"국회의원,시의원 요구자료 관리","일자리창출 공모사업 총괄(서울시, 고용노동부)",중소도시 스마트시티 조성사업(자전거 지킴이),"기획예산과, 일자리경제과, 공원녹지과","체납 담당동 : 목5동, 신월1동","재산세 감액,수시분 총괄","지방소득세 부과 징수(신정2,3동)",코로나19 생활지원비 지급(신월동),"효도수당 지급, 노인성인용 보행기 지원, 무의탁노인 전세주택 지원",장애인등록 및 복지카드,불법촬영 걱정없는 안심화장실,국공립어린이집 리모델링 및 기능보강,환경신문고 및 환경오염신고 포상금제,전문건설업 행정처분,중대재해처벌 등에 관한법률 관련업무,종량제봉투 제작 관리,"임대사업자 등록,변경,양도,말소,과태료부과(신정동) 온라인 계약신고(목동)",신정재정비촉진계획(변경) 존치관리 1~5구역 지구단위계획,"도정법 관련 조례규칙 개정, 법령 질의 회신 등","건축인허가(목2,3동, 신정7동)",부동산중개업종사자 등록사항 일제정비,"안전체험교육 프로그램 개발, 운영총괄",도로시설물 유지보수 민원담당(목동),하수기동반 및 공공근로자 운영,"수당 지급, 충무계획(을지연습)",거주자우선주차장 조성 및 관리(신정동),안심일자리 및 자원봉사자 관리,어린이놀이시설 관련업무,산모신생아 건강관리 지원사업,혈액 관련 업무,신월보건지소 물리치료사
15,직원후생관 운영,동행정차량 관리,『양천구소식』 발행 및 총괄,학교급식 지원 사업(김치공급 업체 선정 등),"구 대표축제, 동 마을축제 지원사업","증명서 공용발급(금융정보분석원,구청)",월중 주요업무 및 행사게획,중장년 취업연계 직업교육 프로그램 운영,디지털 트윈,"녹색환경과, 가족정책과, 보건소 소관 계약 업무",임대인 미납지방세 열람 총괄,공약관련 전산업무 총괄,지방소득세(법인) 총괄,"재해구호(재해물품 및 창고, 이재민시설관리)",센터업무총괄(예산포함),장애인 특별공급 및 장애인 전세주택 지원,아이돌봄지원사업,국공립어린이집 내 특수보육시설 설치,지정폐기물 배출업소 신고처리 및 지도점검,건설기계 과태료,공원팀 기간제근로자 등 복무관리 및 채용,종량제봉투 판매소 지정 및 지도 감독,임대사업자 등록관리 업무(신월동),국회대로 지구단위계획,분양가심사위원회 구성 및 운영,상설교차점점 총괄,부동산중개업 지도점검(신정동),"안전체험교육관 시설물 관리 및 체험관 운영보고, 홍보 및 상담지원 총괄",도로시설물 유지관리 업무(보조),공공측량 및 데이터베이스 구축 관련,"문서접수, 기록물관리, 공익관리, 물품관리",공유주차(총괄 및 신정동),유기한 민원 접수 및 수납,"신정2,6동 민원처리 및 시설조사",모유수유 권장사업,휴일 야간 진료업소 관리 업무,허약노인 운동프로그램 운영
16,주차정산소 관리,주민등록업무 총괄,『양천구소식』 명예기자 및 편집위원회 운영,시기별 맞춤형 진학설명회 개최,구립실버합창단 운영관리,기록관리 기본계획 수립 및 운영,사무전결 처리규칙,양천구 생활임금제 운영(위원회 등),스마트마루 설치,"치수과,감사담당관,자치행정과,재무과,홍보과,스마트정보과,징수과,재산세과,지방소득세과,교육지원과,건설관리과 소관 계약업무","포상금, 급여압류",시세 과징계획 수립,세무종합 전산총괄,충무계획(행정안전실시계획 부록#8 전시전재민구호계획,프로그램 기획？운영 및 시설 인력 관리,"장애인 보조기기교부 및 전동보장구 보험가입, 장애인 시청각 TV, 장애인의료비 지원",결혼중개업 관리,"국공립어린이집 안전(화재, 석면, 태양광, 놀이시설 등) 업무",저수조 청소업체 관리,도로관리 점용허가 및 점용료 부과 징수(신정동),공원팀 공공요금 납부 등,"폐기물 수수료 정산 및 세외수입(일반,음식물,납부필증 통합)","임대사업자 등록,변경,양도,말소,과태료 등",신정네거리 지구단위계획,재건축 및 민영주택건설(신정동),"건축인허가(목4동,신정2동)",부동산중개업 개설(신정동),"심폐소생술, 완강기, 연기피난, 소화기 등 체험강의 및 재난안전 교육총괄",제설대책 업무(보조),"신정1,3,4동 민원처리","광역교통시설부담금 부과, 관리",거주자 우선 주차장 조성 및 관리(목동),"인증기 관리, 진료비 청구","음식문화개선사업, 안심식당 지정운영",성인예방접종 전반에 관한 사항,구조 및 응급처리 교육관련 업무,"물리치료업무, 만성질환 자조모임 운영"
17,청사 CCTV유지관리,세입예산 및 충무계획,홍보대사 운영,대입정보 지원(1:1 집중 상담 등),"문화산업(PC,노래연습장), 출판, 관광 등 (신정동)",전산화 및 콘텐츠개발 사업,정책실명제,미니 일자리 잡다(JOB多) DAY 개최,정보화 기본계획 및 시행계획 수립,"실적증명, 하자보수 관리","체납 담당동 : 목2동, 신월2동, 신월4동",취득세 수시분 총괄,"지방소득세 부과 징수(신정1동, 신월7동)","코로나19 생활지원비 총괄 및 지급(목동,신정동)",프로그램 강사관리(강사료 등),장애인연금 및 장애수당 총괄,"양성평등정책, 양성평등주간행사",국공립어린이집 지도점검 총괄,국장실 비서,건설기계 등록(민원)업무 및 증명발급,공원팀 현장관리,무단투기 현장단속 및 계도,임대차계약신고(신월동 방문/온라인 접수),신월생활권중심 지구단위계획,"소규모재건축, 가로주택정비(신정동)",부설주차장 관리 총괄,저소득주민 무료중개서비스,"안전체험교육 프로그램 개발, 운영","도로시설물 유지보수 민원담당(신정동, 신월동)",하수도원인자부담금 업무 총괄,특별교통대책수립시행 및 교통관련 신규사업 발굴,부설주차장 야간개방 사업(목동),보건소 행정차량 운행 및 관리,식품자동판매기 지도점검,"예방접종 접수 및 안내, 예방접종 등록관련 업무","의원급 의료기관 인허가(신정동,신월동)",순환운동실 관리
18,종합상황실 운영지원,"세출예산(편성,집행) 총괄 관리",한글진흥 업무,"교육박람회(대입,고입) 운영",찾아가는 작은 연주회,민간기록 수집 및 전시기획,"열린구정,주간정책,산하기관장 회의자료",구인구직 일자리현장 발굴,신규 현안 전산(시스템) 관련 업무,조달업무(총액계약),공공기록정보 제공,취득세 감액 총괄,법인지방소득세 특별징수세액 정산 총괄,"무연고사망자, 의사상자",기타 양천구 어르신복지 관련 업무,"장애인 이룸통장, 장애인 자립자금 대여, 장애인가정 출산비 지원","성별영향평가업무, 양성평등기금 운용",국공립어린이집(목동),"환경개선부담금 부과,징수 관리",건설기계사업자 관리,공원여가 종합계획 수립,무단투기 단속,타 지자체 민원이송(정),목동오거리 지구단위계획구역 관리 및 운용,리모델링사업업무,가설건축물 총괄,토지거래계약 허가(목동신시가지아파트 1~6단지),"안전체험교육관 시설물 관리 및 체험관 운영보고, 홍보 및 상담지원",도로공사 설계 및 감독(목동서로8길 외 1개소 도로정비공사),"하수시설물 통계, 각종 대장관리 업무",교통유발부담금 부과 징수 업무 보조,공영주차장 운영 및 민원처리(목동),보건소 주차장 및 청사관리 지원,목1동 민원처리 및 시설조사,예방접종실 운영,의원급 의료기관 진정민원 처리에 관한 사항,목동보건지소 업무 총괄
19,구청사 방송장비 담당,주요업무 보고자료 및 각종 회의자료,꿈나무소식지 발행,구립도서관 및 북카페 운영,문화누리카드,"기록물관리(생산보고, 폐기, 실태점검)",구정기본현황,취업정보 안내 홈페이지 게시,"새올행정시스템, 행정포털시스템 기능고도화","총무과, 안전재난과, 복지정책과, 보육정책과, 도로과","체납고지서 발송, 체납전산(세무종합)","재산세 및 취득세 담당동(신정6동, 신월6동)","지방소득세 부과 징수(신정4동, 신월6동)",찾아가는 보건복지서비스(복지부) 및 동행센터 운영 관리,일상경비 회계업무,"장애인 바우처택시, 장애인 자동차 표지","여성정책평가(서울시,자치구 공동협력사업)","국공립어린이집 식자재 공동구매, 행사 주관, 양천형 밤샘긴급돌봄어린이집 운영",환경개선부담금 각종 현황 자료,불법 유동광고물 과태료 부과 업무,계절별 공원축제 및 주요 문화행사 기획,재활용폐기물 선별처리용역,임대사업자 등록관리 업무(목동),목동중심지구 지구단위계획구역 관리 및 운용(용역),"목동아파트 8단지,13단지,14단지",건축인허가(신월7동),부동산거래신고 및 과태료 부과징수 관리(목동),"심폐소생술, 완강기, 연기피난, 소화기 등 체험강의 및 재난안전 교육",도로(차도) 유지관리 업무(보조),"신정2,6,7동 민원처리",업무보고 및 회의자료 작성,거주자우선주차장 조성 및 관리(총괄),"서울시, 보건지소, 각 동 업무연락 등",식중독 관련 업무,코로나19예방접종 이상반응피해보상 접수 및 상담,의료유사업(안마) 업무 시행에 관한 사항,목동보건지소 예산 및 청사관리
20,종합상황실 운영,적십자 활동 지원,구정홍보물 제작 검토회의 운영,양천문화재단 관련 업무(도서관운영팀),"공연장, 영화관",통합민원(인감증명관련 업무 총괄),새해 달라지는 제도,지역공동체일자리사업 참여자 관리,빅데이터 과제 발굴 및 분석 사업,"주차관리과, 재건축사업과, 부동산정보과 소관 계약 업무","체납 담당동 : 목1동, 목4동",취득세 총괄,지방소득세(특별징수) 총괄,복지상담전문관 및 복지플래너 교육 및 지원,"건강여가프로그램관리, 어르신 그룹별 체험프로그램 관리, 강당 및 프로그램실 관리","시각장애인 안마서비스, 발달장애인 개인별 지원계획 수깁","찾아가는 양성평등교육, 성인지교육","법령, 조례 및 제도개선에 관한 사항",슬레이트 처리 지원 사업,과태료 부과 이의신청 및 비송사건 처리,양천공원 책쉼터 및 키지트 운영,"폐형광등, 폐건전지, 소형폐가전","임대사업자 양도, 말소, 과태료 등","주민제안 및 협의 등 관련업무(목동, 신정동, 신월동)","안전진단 업무(신월시영아파트, 신안파크아파트, 길훈아파트)",사용승인건축물 예방점검 총괄,부동산거래신고의무 위반자 과태료 부과 등 관리(목동),재난안전 관련 업무계획 및 지시사항 처리,"도로 유지보수 민원담당(신월동, 신정동)",하수도 조사 CCTV 촬영,자동차검사 과태료 부과 및 체납관리,시설관리공단 위수탁 관련(신월동),구급차 운행 및 관리,기획(수시) 점검 계획 수립 등 총괄,코로나19예방접종 민간위탁의료기관 관리지원,치과기공소 안경업소 민원처리 및 지도점검,목동보건지소 민원상담 및 접수
21,종합상황실근무,양천구민상 및 모범구민 표창,"홍보책자(화보집, 리플릿 포함) 및 홍보물품 제작","사립작은도서관 관리, 기록물(문서접수)","문화산업(PC방, 노래연습장), 출판, 관광 등 (목동)",통합민원 인증기 관리,"환경녹지국, 안전교통국 소관 예산",서울시상담시스템 및 고용노동부 워크넷 시스템 총괄,빅데이터 활용 정책 수립 추진,"구금고 및 자금관리, 금고검사",특별징수 불이행범 고발 총괄,"취득세 및 재산세 담당동(신정1동, 신월7동)",공시송달 총괄 및 특징 수기분 입력,"복지사각지대 발굴 및 지원, 고독사 예방 및 사회적 고립가구 지원사업 총괄",상설 체험 프로그램 운영 등 센터 민원 응대,"장애인 주간보호시설 운영, 수어통역센터 운영, 신월누리복지센터(신월센터 제외), 시각 장애인 쉼터 운영",청소년지도협의회 보조금 연간계획수립,양천형 긴급야간돌봄시설운영,환경정보관리 및 환경영향평가,벽보게시대 운영,오목공원 내 여가시설 운영,"비닐, 투명페트병 분리배출 요일제",임대차계약신고(목동_방문접수),김포가도(양천) 지구단위계획구역 관리 및 운용,신월1동 모아타운 관리계획 수립 업무,위반건축물 관련 업무총괄,부동산거래신고 정밀조사 및 과태료 부과징수 관리,"재난관리정보(NDMS 등), 재난 예경보체계 구축사업 총괄, 초고층 및 지하연계 복합건축물 관리",기간제 운영 및 관리업무(보조),시민불편 사항 적출 및 처리,자동차검사 기간경과안내 및 검사명령서 발송,공영주차장 운영 민원처리 및 공유주차(신월동),코로나19 환자이송 및 방역업무 차량지원,신정4동 민원처리 및 시설조사,산모신생아 건강관리사 지원,예방접종실 진료,목동보건지소 대사증후군 사업 지원
22,민원안내 및 종합상황실(구청 및 보건소),대학생 행정인턴 운영,주간양천뉴스 제작,고교-대학 연계 지역인재육성 사업 업무,건강힐링문화관(건강힐링센터) 운영 총괄,"증명서 공용발급(검찰청,법원, 경찰서)",예산편성업무 총괄,일자리 잡다(JOB多) DAY 취업인터뷰 운영,각종 통계조사 계획 수립 시행 및 실시,구비 결산 및 지방재정공시,"현년도 체납총괄, 정리보류총괄",취득세 및 재산세 담당동(신정3동),"신정6,7동 부과징수",지역복지사업 평가(보건복지부),기타 타 직원 이외의 업무,발달장애인 실종방지 프로그램,아동친화도시 조성업무추진(연간),"보육사업 예산 편성, 교부신청, 보육료 예탁 등 총괄","소음, 비산먼지(목동)",간판교체사업,공원의 친구들(공원여가 자원봉사자) 운영,재활용 적환장 관리,"임대사업자 등록관리 업무(목동)-임대사업자 등록, 변경 등",신정생활권중심 지구단위계획구역 관리 및 운용,"소규모주택정비법 관련 조례규칙 개정, 법령 질의회신 등",이행강제금 관리업무 총괄,토지거래계약 허가에 관한 업무(신정동),"범죄예방디자인 사업관리, 재난배상책임보험, 안전신문고 관리 및 운영",공무직 및 기간제 근로자 안전교육 및 관리,민원차량 운전 보조,"자동차관리사업(정비업,매매업,양도양수)관련업무",부설주차장 야간개방 사업(신월동),감염병 비상발생 시 업무지원,원산지표시(식품접객업) 지도점검,저소득층 기저귀 조제분유 지원,신월보건지소 진료,목동보건지소 물리치료실 운영
23,7급이하 행정직 인사발령 및 교류,"민주평화통일자문회의, 새마을운동 활동지원","시니어소식지 발행, 시니어 명예기자 운영",미래교육센터 운영,프로그램 기획 운영 및 시설？인력 관리,통합민원(주민등록 등초본),"특별교부세, 특별조정교부금 확보","구인구직자 발굴 및 등록, 취업상담 알선관리",통계연보 등 자료발간 및 통계DB 관리,"구비(도시관리국, 교통행정과) 지출","체납 담당동 : 신월5동, 신정3동",재산조회 및 과세증명서 발급 총괄,등록면허세(정기분) 총괄,동 지역사회보장협의체 운영 관리,"세외수입 총괄, 공공운영비 지출","사회복무요원, 안심일자리 운영",청소년건전활동 연간계획수립,"국공립어린이집 운영,관리,지도점검 및 임면(목동)",실내공기질,"기금관리심의위원회, 옥외광고심의위원회",파리공원 커뮤니티센터 및 책쉼터 운영,음식물류폐기물위탁처리,임대차계약신고(신정동-방문접수),주민제안 및 협의 등 관련업무,"소규모 재건축 가로주택정비사업, 민영주택(신월1동)","건축인허가(신정4동,신정6동)",전월세거래신고 운영 업무 총괄,"재난안전상황실 운영 및 관리, 재난발생시 초기대응(접수전파, 상황보고 등)",제설장비 관리 및 운영,하수도 조사 CCTV촬영 차량 운전,추석맞이 자동차 무상점검,"공영주차장 설계 및 공사(건축, 토목)",소장실 업무,어린이급식관리지원센터 운영,선천성 난청 검사 및 보청기지원,결핵실 진료,만성질환 및 허약노인 운동 프로그램 운영
24,7급이하 행정직 근무성적 평정,"기부심사위원회, 지명위원회 운영관리",『양천구소식』 발행(부),진로직업체험지원센터 업무 총괄,힐링상담실 총괄 운영,정부24운영,통합재정안정화기금 예산 업무,"공공일자리 구직자 등록 및 취업상담(신월5동~신월7동, 신정1~신정2동",빅데이터 분석 및 활용 추진,국비 지출,고액 체납시세 이관업무 총괄,세무전산 총괄,"주민세,등록면허세(면허분)부과징수(신월1~7동)",동 복지대학 운영,"디지털프로그램 관리, 1~3세대 체험프로그램 관리, 홈페이지 관리, 물품 및 시설관리",발달장애인 후견인제 운영,신월청소년문화센터 운영 및 관리,"양천구청 직장어린이집 운영,관리 (365열린어린이집)",공항소음대책 업무,옥외광고발전기금관련 업무,넘은들공원 책쉼터 운영,RFID종량제시스템,타 지자체 민원이송(부),지구단위계획 관련 각종 통계 및 홈페이지 등 자료 정비,"재건축정비사업(신월4구역, 신안약수,서울가든아파트)","건축인허가(신월1,5동)",전월세거래신고 지연자 등 과태료 부과징수 관리,중대재해처벌법 관련 업무,제설(유니목)차량 운전 및 관리,하수기동반 덤프트럭 운전,자가운전자 정비교실 업무,"공영주차장 유지보수 및 관리, 민원처리(건축, 토목)",직인관리,소비자식품위생감시원 운영,난임부부 의료비 지원,진료실 진료,장애인 재활운동 프로그램 운영
25,"근속승진 및 대우공무원 선발, 인사고충 등",북한이탈주민 지원,"상징물(캐릭터), 상징조형물, 구정 홍보판 관리",진로직업체험지원센터 예산 관련 업무,원데이해빛 및 기획 힐링프로그램 운영,동문서 행낭 관리,"감사담당관, 행정지원국 소관예산",일자리잡다(JOB多) DAY 취업인터뷰 운영,빅데이터 플랫폼(스마트맵) 운영 및 고도화,복식부기. 재무회계 결산,명단공개 총괄,취득세 등 과징실태 총괄,"주민세(개인분,종업원분) 총괄",명예사회복지공무원 운영 관리,상설 체험프로그램 등 센터 민원 응대,장애인생산품 우선구매 지원,청소년참여위원회 운영,"국공립어린이집 확충, 재건축","소음, 비산먼지(신정동)","고정광고물 허가,신고,기간연장 총괄(신월동)",유아숲체험 및 산림서비스(숲해설)프로그램 운영,음식물류폐기물 수거용기 관리,도시관리국장실 비서,"신정4구역 재건축, 신정1-1구역 재개발, 신정1-2, 1-4구역","소규모 재건축,가로주택정비사업,민영주택건설사업(신월2,6,7동)",업무대행건축사 관리,"토지거래계약 허가(목동신시가지아파트 12~14단지, 신월동)",중대산업재해 관련 업무,도로유지보수반 운영 및 자재관리,차량 유지관리 업무,"기타 자동차관련(단체,조합)업무",내집주차장 조성(그린파킹/담장허물기) 사업,결핵관리 사업계획 수립 및 인센티브 사업 평가,식품 관련 신고 및 민원처리,선천성 난청검사 및 보청기 지원,"정신건강복지센터운영,찾동 정신건강증진사업",재활기구대여 사업
26,직장내 성희롱 성폭력 고충상담,"공익민간단체 총괄(바르게,한국자유총연맹 등)",홍보모델 선발 및 관리,학습지원 프로그램 기획 운영,해빛컨설팅 운영,공인(관인) 관리,세입예산 편성 및 관리,양천지역 맞춤형 구인기업 구직자 발굴 및 취업상담 운영,데이터기반행정 실태 점검 및 평가 추진,분개 승인,"체납 담당동 : 신월6동, 신정1동, 신정6동",취득세 및 재산세 담당동(신정4동),"주민세,등록면허세(면허분)부과징수(신정1~4동)",복지대상자 연간모니터링 총괄,어르신일자리 전담(청소행정과),시각장애인 쉼터 설치,아동친화도시,구유재산관리,"대기오염경보제(미세먼지, 오존, 황사 등)","불법유동광고물 순찰, 정비 총괄",용왕산 작은책쉼터 운영,1회용품(다회용품) 관련 업무,"공동주택관리 - 목동 7, 12~14단지, 목동지역","신정2-2구역, 역세권활성화 사업","공동주택 품질 검수반 구성, 운영",건축인허가(신월2동),부동산거래신고 정밀조사 업무 총괄,산업안전보건위원회 운영,도로유지보수반 운영 및 창고 자재 관리(보조),"하수시설물 순찰, 점검",자동차 불법구조변경 및 안전기준 부적합 업무,중대재해예방 및 처벌법 관련,의료기관 결핵환자 관리,식품위생업소 위생교육에 관한 사항,고위험 임산부 의료비 지원,"정신총괄, 치매총괄 정신재활총괄,자살총괄",목동보건지소 대사증후군 관리사업
27,"조직진단 및 관리, 정현원 관리","남부범죄피해자지원센터, 민주화운동 관련자",소식지 디자인 편집 및 제작(정),양천구청 공무원 체험 운영,프로그램 강의 지원 및 민원업무,"대외문서 접수 및 배부, 우편물 접수 및 배부",재정 신속집행 추진 총괄,"구인구직자 등록 및 취업상담, 알선 관리",데이터기반 역량강화 교육 추진,구비)지방재정관리시스템 권한관리,"독촉장발송, 공시송달",취득세 및 재산세 담당동(목4동),"등록면허세(면허분) 신고,수시분 총괄",중장년 1인가구 지원사업(5대 복지관),어르신 일자리 전담,"장애인 직업재활시설(생산품판매시설) 운영, 발달장애인 평생교육센터 운영",아동참여위원회 운영,국공립어린이집 위탁 심의 및 보육정책위원회,차량운전 및 지원,현수막 게시대 설치운영,양천둘레길 프로그램 운영,재활용 의류수거함 운영,공동주택관리의 감사에 관한 조례 관리,신월7동1구역 주택재개발사업(신속통합기획),,"건축신고(신정4,6동)",-부동산거래신고 및 외국인 토지거래 허가(신고),"지역안전보건협의체, 지자체합동평가",기동보수차량 운전 및 유지관리,하수기동반 차량 운전 및 유지관리,"불법자동차 지도, 단속 및 과태료 부과",주요 회의자료 작성 및 제출,"만성감염병, 국가 결핵관리사업 예산집행운영",식품행정통합시스템 관리,아이원센터 운영,정신건강증진사업 회계및 전반 업무,목동보건지소 민원상담 및 접수업무
28,기준인건비 산정 및 보수관리,행정사 업무,구정홍보물 디자인 제작 및 편집,"구의회, 주요업무보고 자료 등 작성","일상경비 회계처리, 수강료, 환불업무, 세외수입 및 물품관리",무인민원 발급기 운영 관리,재정공시 관련업무,공공일자리 구직자 등록 및 취업상담(신정3동~신정7동),정보기술아키텍처(EA) 총괄,행정지원국.보건소.안전재난과.주차관리과,"자동차 일괄압류, 사망자 재산조회(안심상속)","취득세 및 재산세 담당동(신월1동,신정7동)",등록면허세(면허분) 인허가 부서 및 기관 문서접수,전입신고 연계 복지상담 관리,어르신복지관 및 소규모 노인복지센터 관리운영,"희망카페 및 희망세차 관리, 장애인 전동보장구 수리센터 운영",청소년상담복지센터 운영 및 관리,중대재해처벌법 관련 총괄,배출가스 점검 등,불법광고물 부착방지시설 설치운영,공원여가팀 공공요금 납부,재활용품 무인회수기 운영,입주자대표회의 운영교육,신정동 1152번지 일대 주택재개발사업,,건축통계,-부동산 검인처리 및 검인용 직인관리,산업안전보건법상 안전관리자 업무,제설(유니목)차량 운저 및 관리,하수시설물 순찰 점검,"새올, 응답소 민원처리업무",불법주정차 단속 총괄,코로나19 기간제 채용 및 인력예산관리,"건강기능식품판매업 신고, 민원처리",모자건강 증진센터 운영,정신건강복지센터 운영비지급 및 행정지원,목동보건지소 운동프로그램 관리
29,5급이상 연봉,주민자치회 사업 총괄,"홍보판(사진, 디자인) 관리",미래교육지구 사업,센터 홈페이지 관리,"기록물 관리(이관, 폐기)",주민복지국 소관 예산,구인.구직자 등록 및 취업상담. 알선 관리,"행정정보시스템(가상화, 백업, DB 등) 통합 관리","봉급, 수당관리","체납 담당동: 신정2동, 신정4동",지방세 지출예산 총괄,"주민세,등록면허세(면허분)부과징수(목2동,신정6~7동)","희망두배 청년통장 모집 및 선발(총괄, 신정동), 꿈나래 통장 모집 및 선발 총괄",밝은내어르신복지센터 이전,"장애인거주시설, 사회복지법인 프리웰","청소년복지심의위원회 운영, 청소년특별지원사업","국공립어린이집 운영,관리, 지도점검 및 임면(신월동)","소음, 비산먼지 (신월동)","고정광고물 허가,신고,기간연장,정비(신정동)",가로수 띠녹지 조성 관리,소형공동주택 분리수거함 관리,"민원처리 목동1~3단지, 신월동",신월5동 77일대(공공) 주택재개발사업,,공공건축물 토목분야,-부동산거래관리시스템 운영 및 관리,"중대재해 사업장 현장 지도점검(도급, 용역, 위탁 포함)",도로유지보수반 운영 및 창고자재관리,하수시설물 민원처리,불법자동차 유관기관 합동단속,"양천구청에 바란다, 직통문자 처리","코로나19 선별진료소, 임시선별검사소 운영","즉석판매제조가공업 신고, 민원처리",남녀 임신준비 지원 사업 운영,정신질환자 행정입원 등 관리 업무,목동보건지소 작업치료실 운영
30,인사위원회 운영,서울시 및 동 자치회관 평가,소식지 디자인 편집 및 제작(부),Y교육박람회 4차산업 총괄,힐링상담실 운영 지원,기록관리실태점검(부서),간주처리 및 보조금(지방보조금)사업 총괄,일자리 잡다(JOB 多)DAY 취업인터뷰 운영,정보통신실 운영 관리,"구비(감사담당관, 기획재정국, 도로과, 치수과) 지출",납세증명서 총괄,취득세 및 재산세 담당동(목5동),주민세(사업소분) 총괄,양천구 복지상담센터 운영관리,노인의날 행사,장애인가족지원센터,학교밖 청소년지원센터(꿈드림)운영 및 관리,보육교직원 보수교육 및 호봉,환경전문공사업(측정대행업) 관리,불법유동광고물 주민 수거 보상제,서남권 공원녹지 네트워크 조성사업,재활용장터운영,"K-아파트, S-아파트 소관 업무","신정1-2, 1-4구역 재개발(촉진지구) 업무",,공공건축물 설계공사감독(건축분야),-부동산등기 특별조치법 위반자 과태료,양천구 위험성평가 총괄,제설(다목적)차량 운전 및 관리,하수도 조사 CCTV 촬영 보조,도로표지(판) 정비 및 유지관리,"시간선택제임기제, 공무직 채용 및 관리, 후생복지 등",방역업무 종합계획 수립 및 총괄,"식품 등 허위,과대광고 모니터링 관리",모자보건 교육 프로그램 운영 관리,치매관리사업,지역중심재활사업 장애인 프로그램 운영(목동)
31,7급이하 기술직 인사,주민자치회 사업비(특화프로그램) 공모 및 지원,주간뉴스 미디어 콘텐츠 제작,구립 교육지원타운 이전？조성,정규해빛 및 찾아가는 해빛 운영,기록관리시스템 운영,성인지예산 관련 업무,양천지역 맞춤형 구인기업.구직자 발굴 및 취업상담 운영,온나라시스템 2.0 전환 관련 업무,"구비(주민복지국,환경녹지국), 시비 지출","채권 압류, 동산 압류, 관허사업 제한",지역자원시설세 총괄,"주민세,등록면허세(면허분)부과징수(목1동,목3~5동)",복지사각지대 발굴시스템 등 조사 총괄,"한파쉼터, 무더위쉼터","장애인복지시설 지도점검 총괄, 장애인복지시설 총괄자료 수함","청소년 방과 후 아카데미교실 운영, 청소년육성위원회 운영","민간어린이집 운영관리(목동,신월1~4동)","배출가스(자동차, 이륜차 정기검사)",주인 없는 간판 정비 용역,민영주택건축 조경 협의,"과대포장, 분리배출표시 관련",통합정보마당,"신정2-1구역, 신정1-3구역, 신정제4구역 재개발",,보건소 청사 확충 건립,"부동산 관련 제증명 창구 관리,지적정보이용 신청 업무",현업근로자 안전교육 관리,보도유지관리 계획 수립,풍수해 대책 추진 및 상황실 운영,"지하철역 승강편의시설(에스컬레이터, 엘리베이터) 설치관련 업무",의견진술 심의회 운영,마을사랑방역봉사단 관련 업무,명예공중위생감시원 운영 관리,산모신생아 건강관리서비스 의료비 지원,자살예방 및 생명존중사업,지역 주민 지역보건의료센터 및 치매안심센터 등 기관 연계
32,임기제,주민자치회 위원관리,양천구 공식 SNS 운영 총괄,Y교육박람회 드론축구 경진대회 운영,힐링치유방 운영 및 관리,제1서고 관리(주민등록카드관리),보조금관리위원회 운영 업무,공공일자리 구직자 등록 및 취업상담(신월1동~신월4동),다기능 사무기기 및 소모품 구매 보급/관리,"반납 및 과목경정, 서류 관리","체납 담당동 : 신월7동, 신정7동","취득세 및 재산세 담당동(신월4동,신정2동)",자동차세 수시분 총괄,사회적고립가구(주거취약 1인) 전수조사 관리,스마트경로당 사업 추진,맑은샘 소송,다함께 돌봄사업,부모모니터링단 운영,가정용 친환경 보일러 보조금 지원,"불법유동광고물 현장순찰 및 정비(신월동전체, 신정3,4동)",도시구조물 벽면녹화 조성 및 관리,다량배출사업장 관련,양천구 공동주택관리 분쟁조정위원회 조례 관리 및 운영,"신정재정비촉진지구 3-1,3-2구역 도시환경정비사업 업무",,신월7동 복합청사 건립,지적도 세계측지계 변환업무(총괄),시설물 안전법 관련 업무,보도 공사설계 및 감독업무 수행,"팀예산, 감사, 심사분석,의회관련 업무","자전거보관대, 자전거공기주입기 설치 및 유지관리",진정민원 및 다수인민원 처리,에이즈 예방관리사업,공중위생업소 위생서비스 평가,모자보건교육프로그램운영,마음건강검진 및 상담지원사업,
33,별정직 및 개방형 임면,자치회관 예산편성 및 조례 관리,SNS 운영 및 활성화 종합계획 수립,지역연계 및 교육복지 프로그램 운영,공공체육시설 조성에 따른 개발계획 수립 및 관리,교합,"기획재정국, 도시관리국 소관 예산업무, 총액인건비 업무 총괄, 시설관리공단 관련 업무",구인.구직자 등록 및 취업상담.알선 관리,복합기 통합 관리 시스템 운영,세입세출외현금 출납관리,자동차세 체납차량 영치 및 징수촉탁,비과세 감면 총괄,자동차세 연납 신고분 총괄,생활복지통합정보시스템 관리,어르신놀이터 조성,"장애인 공동생활가정 운영, 장애인 단기거주시설 운영, 장애인 작업장 등 기타 시설 관리",우리동네 키움센터 설치운영,평가제 총괄,공항소음대책지역 주민 상담서비스 지원,"공공근로자 관리 업무, 관용차량관리","어린이공원 유지관리(목동, 신월동), 조성(강월, 꽃동산, 금실, 문화, 돌다리 테마놀이터)","건설폐기물, 사업장폐기물","민원처리: 목동8~11단지, 신정동 지역",역세권 소규모 재개발사업,,양천구 보육타운 건립,부동산종합공부시스템 자료정비(총괄),계절별 시설물 안전점검,보도 및 인도 10계명 추진,사각형거 보수공사,"도로부속시설물(볼라드, 반사경, 시선유도봉 등) 신설 및 유지 관리",당직민원 처리,"3급,4급 감염병 발생 신고 및 역학조사",숙박업 관리,"산모,신생아 건강관리 서비스및 의료비지원",방사선실근무,
34,"호봉 책정, 시간외 근무 운영","자치회관 운영,시설 관리 및 예산 지원",양천구 SNS 서포터즈 운영,전환기 학년 프로그램 운영,시설관리공단 공공체육시설 관련 업무 및 민원,법원 업무관련 및 월보담당,"예산절약 성과금제도 운영 총괄, 성과계획서 및 성과보고서, 재정분석 업무",양천구청 구인 자료 및 일자리플러스센터 게시판 관리,"사무용 S/W 구매, 사용실태 점검","서울시 e호조 권한관리, 제로페이Biz",자동차 견인공매,부동산가격공시위원회 총괄,"차량 취득세, 자동차세 부과 및 취소 민원처리(목동)",희망두배 청년통장 모집 및 선발(목동),경로당 물품지원 및 물품관리,장애인 편의증진기술 지원센터 운영,"지역돌봄협의회,우리키움참여단 운영",어린이집 지도점검 총괄,공항소음모니터링 시스템 구축 및 운영,"고정광고물 허가,신고,기간연장,정비(목동)",화단조성 및 꽃길조성,정화조,공동주택 자료관리(통계),정비사업관련 각종 통계 및 요구자료 작성,,경관조명 빛공해 담당업무,토지이동사항 및 측량성과검사 처리(신정동),구 안전관리자문단 운영,보도 예산 및 의회 업무,하수도 준설공사,개인형이동장치 관련 제도 개선 및 관리,단속 실적 관리,"소독업소 신고, 관리 및 소독의무대상시설 관리","목욕장, 세탁업 관리",임산부 및 영유아 영앙상담,방사선실 업무,
35,공무원 공채시험,자치회관 워크숍 및 우수사례 공유회,홈페이지 운영 및 유지 관리(정),청소년 관련 사업 운영,공공문화체육시설 유지보수 및 물품구매,"출생, 인지기록, 출산지원금 동신신청 관리","용역과제심의위원회 운영, 출자출연기관 운영 심의위원회 운영, 고향사랑 기부제 운영",공공일자리 구직자 등록 및 취업상담(목1동~목5동),사랑의 PC 및 정보통신 보조기기 보급관리,,과태료 체납차량 영치 및 징수촉탁,주택특성조사계획 수립,자동차세 정기분 총괄,우리동네돌봄단 운영관리,노인교실 운영 지원 및 예술제,장애인 전용주차구역 단속,"성년의 날 축하카드 제작발송, 여성청소년 보건위생용품 지원","가정어린이집 인가 운영 및 보조금 지급관리(신정동, 목동4~5)",공항소음대책 주민지원사업 추진(공모사업),옥외광고업종사자 등록 및 교육,시설녹지 및 일반녹지 조성 및 관리,양천자원회수시설,주택관리업 및 주택관리사(보),,,"공공건물 신축,증축,개보수 공사(전기,소방,통신)",디지털 지적(임야)도 품질개선,국가안전대진단 관련 업무,도로굴착복구 공사계획 수립,안양천유지관리 업무 및 민원처리(오목교~구로구),자전거등록제 운영 및 방치자전거 처리,장애인 주차구역 단속 및 징수 체납 관리,"유문등, 포충기 등 설치.운영","위생용품관리법, 먹는물관리법 관련 업무",임산부 및 영유아 건강관리,"진단방사선, 특수의료장비",
36,공무원증 및 비밀취급 인가증,자치회관 프로그램 활성화,홈페이지 콘텐츠 관리 및 기능 개선,방과후 학습지원 프로그램 운영,갈산문화예술센터 대관 관련 업무,목동 제적부 정정 및 관리,"구의회, 보건소, 특별회계 및 기금",청년정책 기본계획 수립 및 추진계획 수립,"구민/직원 정보화교육 운영, 관리",,"세외수입 지난년도 체납이관, 부서평가, 담당자 교육",개별주택가격(신정동),자동차세 비과세 감면 총괄,희망두배 청년통장 모집 및 선발(신월동),어르신사랑방(경로당)운영,장애인복지시설 위문,결식아동 급식지원,어린이집 보조교사 등 지원업무,공항소음대책 청력정밀검사 지원,옥외광고물 법령 조례 관련 업무,도시녹화 주민제안사업,"공중화장실, 개방화장실",공동주택 아파트 행위허가,,,공공건축물 하자관리,토지이동사항 및 측량성과검사 처리(신월동),중대재해처벌법 관련 업무(중대시민재해),도로굴착복구 기금 운용(세외수입 포함),자연재해위험지구 관련 업무,양천바이크라운지 운영 및 관리,주정차위반 과태료 사전통지서 발송 및 공시송달,결핵관리 사업계획 수립 및 인센티브 사업,공중위생업소 위생교육 관리,AI.IoT기반 어르신건강관리사업,검진기관 지정,
37,직위표 관리 및 제증명 발급,자치회관 유휴공간 개방 및 도서방 관련,구정 행사 사진촬영 및 데이터 관리,서울런 이음단 멘토링 채용 및 관리,시설 이용관련 민원 사항 및 대외협조,"국적사건(귀화,취득,선택,상실 등)",구 주민참여예산(청소년 참여예산) 운영,청년정책위원회 구성 및 운영,"원격지원시스템(VDI) 운영, 관리",,"세외수입 교부청구, 관허사업제한",과표 및 공동주택가격 업무 총괄,"차량 취득세, 자동차세 부과 및 취소 민원처리(신정동)","복지상담센터 전담 및 실적관리, 복지멤버십 운영",어르신여가복지시설 명절 위문품 지원,생계급여수급자 총괄,아동급식위원회 운영,가정어린이집 연합회 행사 및 교사 교육 주관,공항소음대책지역 채용우대 추진,옥외광고물 안전점검 업무,청사조경관리 등,폐기물처리시설설치기금,"공동주택 아파트 상가 용도변경, 건축물표시변경, 분할 등",,,공공건축물 정보공개 및 통계,부동산종합공부시스템 관리,산업안전보건 교육,도로관리심의회 업무,재해영향평가 조례 및 위원회 운영,자전거도로 신설 및 유지 관리,"불법주정차 단속 운영 물품, 장비 관리",만성감염병 예방 홍보 및 교육,"미용,이용,건물위생관리업 관리",통합방문건강관리사업,물리치료 업무,
38,의회 협력 및 의정비심의 등,전국 주민자치박람회 지원,부서요청 촬영 지원,문예체 협력강사 선발,"물품관리,센터 관련 예산,기타 민원처리 등","가족관계등록신고접수 및 불수리통지서, 특종신고서 편철",정부혁신 실행계획 수립 및 지자체 혁신평가,서울청년센터 양천오랑 조성 및 운영,"행정정보공동이용시스템 운영, 관리",,세외수입 체납자 부동산 공매 및 기타채권 압류,개별주택가격(신월동),차량취득세 신고납부처리(차량등록민원실),"스마트플러그, 살피미앱, AI안부확인서비스 운영",경로당 시설 유지보수,생활보장위원회 운영,지역사회서비스투자사업,"서울형어린이집, 열린어린이집 운영(총괄)",공항소음대책 장학사업 운영,"불법유동광고물민원처리(목동,신정1,2,6,7동)",정원친구(정원 조성 및 유지 관리 자원봉사자) 관리 및 운영(현장),클린센터 시설물 유지관리,미세먼지저감 조치 시행 관리,,,"공공건축물 설계공사감독등 시설업무(기계,기계소방)",지적재조사 업무,위험성 평가,도로굴착감독업무보조원(공무직) 관리 업무,목1동 민원처리,버스정류소 BIT 신설 및 유지 관리 지원,불법주정차 120 응답소 민원,의료기관 종사자 등 결핵예방 교육 및 검진관리,공중위생업소 자율점검제 추진,재가암환자 관리사업,검사실 업무,
39,"직원교육(워크숍,정책투어 등)",도농 교류사업 및 자치회관 통합관리시스템,구정홍보자료 백업 및 공유NAS 운영,문예체 협력강사 워크숍 및 교육,서부트럭터미널 체육시설 공공기여,"가족관계등록신고 월결산, 혼인 및 전입신고 동시신청 접수, 관리","대외기관 평가 응모 및 관리, 정부합동평가","청년 국가자격응시료 지원사업, 청년 전세보증금반환보증 보증료 지원사업, 기타 청년정책 사업",행정전자서명(GPKI) 발급 및 관리,,"세외수입 현계,과오납환급,가산금결의",주택평가 예산관리 및 지출업무,차량 취득세 수시분(신고분) 총괄,긴급복지 총괄(신월동),경로당 신설 및 리모델링,"해산,장제,교육 급여 지급",취약계층아동 동행상담치료지원,"민간(직장)어린이집(신정동, 신월동5~7)운영관리",공항소음대책지역 민간단체 보조금 지원,사회복무요원 근태 및 안전관리,안양천 녹지대 관리,차량정비 전문관,민원처리: 목동4~6단지,,,인허가등 협의업무(기계설비),토지이동사항 및 측량성과검사 처리(목동),보건분야 산업재해 및 중대재해 예방계획 수립,보도 신설 및 확장 검토 협의(보조),풍수해 돌봄서비스 관련 업무,전기자전거 보조금 지원사업,불법주정차 관련 정보공개 처리,방역소독,길고양이 TNR(중성화) 업무,"한파,폭염대비 취약계층 건강관리",임상병리실 업무,
40,"학습관리시스템, 교육명령 및 여비지급",양천구자원봉사센터 관리 및 지원 총괄,양천구 인스타그램 운영,"방과후 프로그램, 어린이 경제스쿨 운영",야외운동기구 설치 및 안전점검 등 관련 업무,"양육수당, 출산지원금 동시 신청 접수, 채무불이행",대외 공모사업 관리,창업 원스톱 일사천리 서비스 제공,공공데이터 제공 운영 및 관리,,세외수입 예산 및 결산,주택평가 전산관리,등록면허세(차량분) 총괄,비급여진료비 심사청구,노인맞춤돌봄서비스 운영,입양아동 생계급여 지급,지역아동센터 운영지원 및 관리 등,민간어린이집 기능보강사업 지원관리,기후변화대응업무총괄,"기타민원 현장사진채증, 120및새올민원처리등","공공공지, 마을마당, 가로공원 정비 및 관리",산업 안전관리자,공동주택 안전점검 및 재난관리 총괄,,,승강기 관리업무 총괄,측량기준점 관리,"보건교육 실시, 근로자 보건관리, 건강 상담",보도유지관리 업무 보조(실적 및 통계관리 등),침수흔적도,양천구민 자전거단체보험 가입 및 운영,CCTV 장소선정 및 유지보수 예산,"역학조사 반장, 수습 역학조사관",길고양이 급식소 설치,보건소 휠체어 대여,통증물리치료,
41,악성민원 피해직원 상담치료 지원 등,마을공동체 사업 총괄,홈페이지 운영 및 유지 관리(부),지역탐방 프로그램 운영,"공공문화체육시설 관련업무 (계남다목적체육관, 해누리체육공원, 연의체육공원, 갈산문화예술센터)","사망,실종선고,창성,개명 기록",민간위탁 사무 총괄,양천창업지원센터 운영 지원,업무관리(온나라)시스템 운영 및 관리,,"중기재정계획, 연감 등 작성 및 관리",개별주택가격(목동),"차량 취득세, 자동차세 부과 및 취소 민원처리(신월동)",따뜻한 겨울나기 사업 배분 총괄,ICT기반 인공지능스피커 돌봄사업,"자활근로사업 추진(직영, 민간위탁)","지역아동센터위원회 운영, 지역아동센터 급식비 지원","민간어린이집 차량, 놀이터 및 석면관리 등 안전관리",기후변화대응 업무계획 수립,"관용차량 관리업무(세금,유류정산)",어린이놀이터 모래소독,"전기시설관리, 소방시설 관리","소규모 공동주택 안전점검 관리, 공동주택 승강기 안전점검 관리",,,기계설비법 관련 업무,연속도 및 용도지역관리(토지이용계획),"작업환경관리실태 파악 및 작업장 순회, 사후조치",신정동 지역 보도 담당 (민원처리 등),자연재해 복구 관련,서울시 공공자전거(따릉이) 대여소 확충,"견인업체 관리, 장기미반환차량 처리","신종,해외 유입감염병 대응 관리",동물복지시행계획 수립,방문인력 전문 교육 총괄,물리치료실 물품 구매 및 관리업무,
42,직원 공무 국외연수 추진 및 선발 심사,마을공동체위원회 운영,홈페이지 관련 솔루션 및 배너 관리,"초등, 중등 진로잡학교실 운영",갈산문화예술센터 시설관리 및 운영,"입양,파양,성본변경 기록",주민배심원평가단 운영,창업인큐베이팅 운영 및 양천 창업허브 운영 지원,전자이미지관인 제공,,세외수입 정리보류,법인에 대한 지방세 조사계획 수립 총괄,,긴급복지(목동) 및 저소득구민 연계지원,서울재가관리사 운영,양천지역자활센터 운영,청소년 관련 단체 지원 및 비영리법인 관리,"민간,직장어린이집 교사근무환경개선비 지급",기후변화대응업무 추진,보도상영업시설물 등 점용허가 및 도로관리시스템 관리,친수공간 정비 및 관리,"시설물 관리, 주유기 관리 등","어린이 놀이시설, 공동주택 미술작품 관리, 지하주차장 차수판",,,"공공건축물 설계공사감독 등 시설업무(기계, 소방)",부동산등기용등록번호 부여,보건관리자 업무,도로굴착허가 승인 처리 및 체납관리(상수도),"목2,3동 민원처리",자전거이용자 및 보행자 안전 교육 관련 업무,문자 알리미 서비스 등록 및 관리,"고위험시설 등 집단환자 현장조사, 위험도평가",동물병원 인허가 및 지도점검,찾아가는 동주민센터 모니터링,임상병리실,
43,국내.외 자매도시 교류 및 남북교류 관련업무,"공유사업 지원(공구,백일상,휠체어)",통합메세징시스템(UMS) 운영 관리,토요진로체험운영,목동테니스장 지붕조성(공약사업),신정동 제적부 정정 및 관리,혁신행정우수사례 경진대회,온라인마케팅지원사업 및 청년점포 육성사업 추진,가상현실(VR) 투어 콘텐츠 운영 및 유지관리,,세외수입 고지서 발송,법인 담당동 부과징수(목1동),,양천사랑복지재단 관리,어르신 안심주거환경 개선사업(공약),자활기금 관리,청소년지도협의회 운영,"가정어린이집 인가,운영 및 보조금 지급관리(신월동,목1~3동)",대기질 개선대책 추진,"새올, 전화 민원(목동, 신정1,2,6,7동)",조경분야 현장 관리,시설물 관리,목3동 도시재생 뉴딜사업,,,건축안전센터 업무 총괄,개별공시지가(신월동),민방위의 날 훈련,지하안전 관리 업무,풍수해보험,경전철 등 도시철도 관련업무,불법주정차 새올상담민원 처리,재택관리반 반장,동물보호법 위반 민원에 관한 사항 총괄(민원처리 포함),"실명예방, 인공 무릎관절사업 관련 업무",임상병리실업무,
44,"직원 국내연수(상생탐방), 후생복지심의위원회",민관협력플랫폼 사업,"양천구 페이스북, 카톡채널 운영",진로나침반 운영,공공문화체육시설 안전관리 및 시스템 등록 등 관련업무,"재판연계사건 최고 및 공시송달,등록부 정정",자치분권 및 이양업무,양천구 청년 참여 활성화 사업 총괄,정보통신기반시설고도화 및 종합업무계획 수립 및 추진,,부동산 및 차량 압류(해제),법인 세무조사 총괄,,푸드뱅크/마켓센터 관리,"장사, 납골, 장례식장 및 코로나19 사망자 지원 업무",차상위자활 보장결정,"청소년유해업소 지도,단속",가정어린이집 교사근무환경개선비 지급,탄소중립 위원회 및 실천연대 관련 업무,"새올, 전화 민원(신월동, 신정3,4동)","조경분야 근로자근무관리(공무직,기간제,공동체)",도로살수차량 운행 및 관리,목4동 골목길 재생사업,,,소규모 노후건축물 안전점검,부동산가격공시위원회,을지태극연습 계획 수립 및 시행,도로굴착복구공사 하자 관리,침수방지시설,"시내 및 마을버스 노선조정, 버스정류소 명칭 변경",주행형CCTV 단속 시스템 및 차량 관리,재택관리반 운영 및 역학조사 업무 지원,"가축전염병 관련 업무(조류인플루엔자,광견병)",대사증후군센터 운영,야간휴일 건강지킴이 사업,
45,"친절관련업무, 건강검진비 지원",양천구자원봉사센터 관리 및 지원,SNS 콘텐츠 공모전 운영,Z세대 라이프스타일,"공공문화체육시설 유지보수 및 물품구매 및 민원처리(양천구민체육센터, 양천문화회관, 목동테니스장, 건강힐링문화관)","혼인, 이혼 기록, 등록기준지 변경",각종 위원회 관리,양천구 마주봄 멘토링 사업(청년자율예산제),"신규,노후 정보통신장비 구축계획 수립 및 추진",,세외수입 전산시스템관리,법인 세원발굴 포상금 지급,,따뜻한 겨울나기사업 모금 총괄,장기요양기관 코로나 대응 및 방역업무,주거급여 업무 총괄,"청소년부모 급여 지급, 청소년상 시상, 청소년증 발급",평가인증시설 교재교구비 지급,기후변화대응에 특별한 프로젝트 운영,거리가게 실태조사(총괄),"조경분야 비품관리, 차량관리",청소차량 운행,목3동 도시재생 뉴딜사업(시장 및 골목길 환경정비사업),,,팀내 타직원에 속하지 않는 업무,개별공시지가 조사업무 총괄,민방위(화생방) 시설장비 관리,"목1,5동 지역 보도담당(민원처리 등)",수방자재,도로교통소통 및 교통사고 잦은곳 개선사업(교통),불법주정차 시민신고제 처리 총괄,코로나19 업무 총괄(상황 보고 및 대응 등),취약계층을 위한 우리동네 동물병원 사업,개울건강센터 운영,조제실 업무,
46,맞춤형 복지제도 운영(복지포인트 및 단체보험),마을공동체 공모사업 운영 지원,SNS 이벤트 등에 관한 사항,평생학습관 운영 총괄,갈산문화예술센터 시설물 운영관리,"과태료, 12호 통보 처리",제도개선(창의)에 관한 사항,청년 마음건강 바우처 지원 사업,정보보안 및 개인정보보호 추진계획 수립 및 추진,,,법인 담당동 부과징수(목2~목5동),,서울형 긴급복지 총괄,어르신요양시설 기능보강업무,주거급여 보장결정 및 급여 지급,아동학대조사업무,보육교직원 경력관리,초록울타리 및,가로환경 정비 순찰 계획수립 및 단속 업무 총괄,개발제한구역 관리,도로 물청소차량 운행 및 관리,신월1동 서울형 도시재생 활성화 용역 추진,,,특별회계예산 총괄,개별공시지가 민원업무 처리,충무계획 총괄 및 전시민방위계획수립,"도로굴착허가 승인 처리 및 체납관리(개인, 하수, 통신)","목4, 5동 민원업무","교통체계개선(목1.5동, 신정동)",응답소 현장민원 모니터링 및 통합플랫폼 운영,"감염병예방？관리 계획 수립(사회재난, 충무 등)","축산물 위생업소 관련 인허가,지도점검",국민영양관리시행계획 수립 및 평가,희귀질환자 의료비지원사업,
47,"공무원 연금, 건강보험",,공동주택 엘리베이터 미디어보드 영상 제작,한걸음학습장 운영,갈산문화예술센터 시설관리,"결격사유 조회, 인구동향 총괄",협업포인트 운영,광역 일자리 카페 운영,정보통신 통합유지보수,,,"법인 중과세, 비과세감면 총괄",,긴급복지(신정동),"노인 의료,주거복지시설 관련업무",주거급여 이의신청 및 환수처리 등,아동학대 대응체계 총괄,,청사 그린월 관리 및 스마트그리스 사업추진,노점정비 정비지역 사후관리용역 관련업무,산지전용(협의) 등 인허가 사항,차량관리,신월3동 모아타운 관리계획 수립,,,건축물 공사감리 관리 감독,"개발부담금 부과 징수 총괄(신정동,신월동)",중점관리자원 확인의 날 행사,"맨홀정비 공사설계 및 감독, 관리 업무",빗물펌프장 기계설비 공사 설계 감독,교통약자 보호구역 현황관리,불법주정차 단속 의견진술 접수 및 관리,1급 감염병 발생 신고 및 역학조사,유기동물 보호업무,통합건강증진 영양사업 총괄 및 운영,서울시 어르신 한의약증진사업,
48,"팀별벤치마킹 운영, 직원워크숍",,양천구 블로그 운영,신월거점형 평생학습관 조성,"양천구 체육회 운영,지원 및 지도감독",신월동 제적부 정정 및 관리 등,조례규칙심의회 운영,청년인턴제 운영(지역주도형 청년 일자리 사업),정보보호시스템 운영,,,법인 서면신고 조사 처리 총괄,,통합사례관리,"주야간보호시설, 단기보호 관련 업무",수선유지급여 업무 총괄,"아동학대 조사 및 사례판단, 보호조치",,에코마일리지,"구청장에게 바란다, 정보공개 민원처리",등산로 정비 및 유지관리 등,물청소차량운행,신월3동 도시재생 활성화계획 용역,,,건축물 안전관리대책에 대한 세부 실행,건축물대장 작성(변경) 및 관리(신정동),민방위대원 편성관리,"목2,3,4동 지역 보도담당(민원처리 등)",빗물펌프장 및 수문 유지관리(기계분야),교통약자 보호구역 개선사업(교통),불법주정차 단속 상담 등 처리(전문상담),"역학조사반 및 재택관리반 업무지원(역학, 현장조사)","동물용의약품 인허가, 지도점검",임산부 및 영유아 영양플러스사업,영유아 발달 정밀검사비 지원,
49,"후생복지심의위원회 운영, 명절 직원 격려품, 공로연수자 개인연수 지원",,구청 및 산하기관 멀티미디어 매체 운영 관리,"인문학아카데미, 방학특별프로그램",전국소년체육대회 및 장애인 학생체육대회 지원,가족관계등록 신고 접수,자치법규 법제심사(행정재경위원회 소관),청년 취업연계 프로그램 운영 및 지원,정보화사업 보안성 검토,,,법인 담당동 부과징수(신정동),,위기가정통합센터,장기요양기관 지정 심사위원회 업무,"통장사업(희망저축, 청년내일저축, 내일키움 등)",입양가정 지원,,승용차마일리지,진정민원 처리 및 행정대집행 업무처리,"농지업무(농지대장, 농업법인)",,신월3동 도시재생 예산관련,,,"건축 인허가, 건축물 점검, 건축위원회 전문분야 기술지원",개발부담금 부과 및 징수(목동),민방위대원 교육,"도로굴착허가 승인 처리 및 체납관리(가스, 전기, 난방, 기타)",목동유수지 관리,"교통체계개선(목2~4동, 신월동)","불법주차단속(pda,고정형cctv)자료 등록 및 대사 작업",이탈자 관리 및 역학조사 불능자 등 관리,"동물보호(명예)감시원 지정, 운영",싱겁게 먹는 실천 배움터 사업,한방진료실 업무,
50,법인콘도 및 하계휴양소 운영,,SNS 서포터스 블로그 콘텐츠 게시,"느린학습자 지원사업, 학원(독서실)관련 업무",양천가족등산대회,여권판독,"법령, 서울시 조례 제ㆍ개정 관련 모니터링",사회적 고립청년 지원 사업 추진,"사이버,보안 진단의 날 운영",,,등록면허세(등록) 총괄,,"돌봄SOS센터 사업총괄(예산, 계획, 홍보, 자료작성)",재가장기요양기관 현지조사 및 후속업무,노숙인 부랑인지원 및 시설 운영 지도,아동발달계좌지원(디딤씨앗통장),,기후변화대응 환경교육 업무,"가로정비 및 환경순찰(목동,신정1,2,6,7동)",에코스페이스 연의 운영,,신월3동 뉴딜사업 추진,,,건축전문위원회 운영,개별공시지가 조사업무(목동),비상대비 인력동원업무(인력동원계획수립),도로굴착감독업무보조원(공무직) 임금 등 관리,시특법 시설물 정기점검 및 예산관리,어린이 교통안전 교육 위탁 운영 및 시설 관리,전화상담민원 및 타업무 지원,코로나19 대응 및 비상근무,농수산물 원산지표시 지도점검 및 행정처분,건강생활실천사업,통합 건강증진사업(한의약),
51,구상조회 및 동호회 관련 업무,,양천구 공식 SNS 컨텐츠 제작 및 가입 홍보,평생학습 프로그램 운영,민간체육시설(수영장) 안전관리 및 정기점검,여권교부,소송문서 심사 및 소송자료 관리,양천창업지원펀드 운용 및 관리,정보통신 기반시설 고도화 및 종합업무계획 수립,,,법인 담당동 부과징수(신월동),,돌봄SOS센터 실적관리 및 모니터링,등급판정위원회 관련 업무,"기초생활수급자 및 차상위 양곡지원, 건강음료비 지원, 저소득층 건강보험료 지급",아동위원협의회,,탄소중립 생활실천 사업,현장지원 용역인력 관리,희망목공소 운영,,서울시 가꿈주택 집수리지원사업(신월3동),,,정밀안전진단 지원사업 총괄,건축물대장 작성(변경) 및 관리(목동),사회복무요원 복무관리,차량유지관리 업무,빗물펌프장 전기설비 공사 설계 감독,어린이 등하교 교통안전지도사업,장애인 주차구역 단속 및 관리,2급 감염병 발생 신고 및 역학조사,동물등록제 업무,통합건강증진사업(신체활동 및 비만),구강사업,
52,직원 대학(원) 위탁 교육비 지원,,공동주택 미디어보드영상 제작 지원,원어민 화상 영어학습,체육시설업 신고업무 및 관리(신정동),영수필증 관리 및 관련 월보 지원,"법률고문, 자문변호인단 운영",양천구 상공회(소상공회) 지원 및 관리,자가통신망 확충 및 고도화,,,,,돌봄SOS센터 민관거버넌스 구성 운영,재가요양기관 관련 업무,"차상위 명절위문금 지급, 저소득층 마스크 보급사업",아동학대 조사,,전기차,접수민원 현장처리,도시농업위원회 운영,,주민참여예산사업(신월3동),,,안전취약시설 보수보강 총괄,개별공시지가 의견제출 및 이의신청 처리(목동),민방위교육훈련 행정처분(과태료) 업무,신월동 지역 보도담당(민원처리 등),목동오목펌프장 전기소방설비 유지관리,버스정류소 이전 관련 업무,불법주차 단속민원 상담 및 처리,비상방역근무 계획 수립 및 운영,유기동물 입양 구민 동물등록 인식표 지원,심뇌혈관질환 예방관리사업,진료실 업무,
53,청사 전기시설 유지관리,,구정홍보영상 기획 및 촬영 총괄,"평생교육협의회 운영, 우수 프로그램 지원 등","체육단체 지원 및 관련시설(볼링,검도,우드볼..)",긴급여권심사 및 제반업무,"무료법률상담, 자문변호인단 운영",양천사랑 상품권 발행 및 유통업무,스마트 서울 네트워크(S-net) 업무 구축 및 운영,,,,,"서비스제공기관 협약 및 품질관리(일시재가, 단기시설, 동행지원)",재가노인지원센터 관련 업무,의료급여 자격관리,아동학대 조사업무,,발전소 주변지역 관련,노점상 실태조사 및 확인서 징구,양천도시농업공원교육센터 프로그램 운영 및 관리,,신월3동 도시재생 뉴딜사업 추진,,,다중이용업소 안전관리 총괄,,주민신고망 관리,굴착감독업무보조(신월동),수방자동화 설비 유지관리 용역업무,자동차 등록업무 총괄,화물운송업체 지도단속 및 행정처분,"코로나19 입원,격리치료비 총괄","유실,유기동물 입양비 지원, 내장형 동물등록비 지원",아토피천식 예방관리사업,암환자 의료비지원 사업,
54,청사 기계설비 관리,,신규영상 콘텐츠 발굴 및 제작,평생학습관 시설물 점검 및 유지 관리,"양천마라톤, 동별 체육교실 확대",여권심사,청문주재 지원,소상공인 재난지원금(방역지원금) 지원업무 등,공공장소 무선인터넷존 확대 구축 및 현황관리,,,,,돌봄SOS센터 사업 (교육 및 회의운영 등),재가장기요양기관협회 관련 업무,의료급여기금,아동복지심의위원회(사례결정위원회) 운영,,에너지 기본계획 관련 업무,불법 도로점용 행정처분(과태료부과),양천도시농업 관련 프로그램 기획 및 홍보,,신월3동 시장활성화 사업 추진,,,"안전관리계획 검토, 수행기관 지정 총괄",,,굴착감독업무보조(목동),빗물펌프장 전기설비 공사,자동차등록민원팀 자동차관리법위반 과태료 체납관리,"화물자동차 유상운송, 중대한 교통사고 행정처분",시구 협력사업 및 정부합동평가,"동물보호법 관련 인허가, 지도점검",소아당뇨 인식개선 사업,서울형 유급병가지원 사업 총괄,
55,기계설비유지관리자,,"방송스튜디오 운영, 관리",평생학습관 공공요금 등 예산 집행,"구청장기(배), 협회장기(배) 대회",여권접수,중요문서 심사(공고문),"목동919-7,8 구유지 통합개발(대기업 유치 등)",ipt인터넷 전화교환기 담당,,,,,"구 돌봄회의 운영 (예외지원대상, 한도추가 등)",재가장기요양기관 입소이용 신청 업무,의료급여심의위원회,아동보호사업 운영(아동보호서비스 총괄),,"가스(LPG,고압가스)관련 업무",가로환경 정비실적 일일결산 및 단속자료 정리,도시농업축제 및 박람회 개최업무,,마을주차환경개선사업 추진,,,,,,굴착감독업무보조(신정동),"목동,오목펌프장 전기 소방설비 유지관리",자동(이륜)차 행정전산망 관리,화물운송 위수탁 계약 실태조사,"해외입국자 관리 총괄, 집단환자 발생 시 지원",,"청소년, 청년 당뇨병 환자 지원사업",보건소 구강보건실 진료,
56,해누리 문화시설 관리 및 운영,,양천디지털미디어센터 시설 운영,청사 유지보수 예산 집행,각종 체육대회 참가 지원,,무료법률상담실 운영에 관한 사항,로컬브랜드 상권 육성 사업 추진,정보통신공사 착공전 설계도 검토/사용전검사/감리결과보고서 확인,,,,,서비스 제공기관 협약 및 품질 관리,,의료급여 부당이득금,아동복지시설(생활시설) 지원 및 관리,,전기차 충전시설 단속,수거물품 대장 작성 및 물품보관창고 물품 관리,"양천도시농업문화제, 직거래장터, 각종 체험행사",,공동주택상가(무허가 등),,,,,,도로기전시설물의 시설 및 관리계획 총괄,수방자동화설비 유지관리 용역,자동차등록번호판 영치 및 해제등록,양천모범운전자회 지원,코로나19 손실보상업무 총괄,,대사증후군센터(보건소3층) 운영,한방진료,
57,구청사 전기.소방 시설물 유지관리 및 교체 .보수공사,,유튜브 양천TV 운영 지원(이벤트 등),평생학습관 보안 점검 및 관리,장애인체육회 운영 지원,,자치법규 법제심사(복지건설위원회 소관),목동 홈플러스 임대료 및 관리 업무,통신공공요금 납부 및 정보통신 전용회선 관리(민원처리포함),,,,,"돌봄SOS센터 전산관리시스템 관리 및 돌봄SOS센터 수가정산 지급 (식사지원, 주거편의)",,"서울형기초, 차상위계층","가정위탁 보호사업 지원비, 보호종료아동 자립지원",,신재생에너지,"가로정비 및 환경순찰(신월동,신정3,4동)","서울형 도시텃밭 조성사업(치유텃밭, 어린이텃밭, 학교텃밭)",,위반건축물 단속 및 현장순찰(신정동),,,,,,도로기전 스마트사업 총괄,민방위 비상급수시설 설치 및 유지관리,"의무보험과태료 체납, 독촉관리",교통민원심의위원회 관리,코로나19 대응 재택치료반 업무,,개울건강센터 운영(운동),아동치과주치의,
58,승강기 안전관리자,,양천디지털미디어센터 운영 및 장비관리,우수학습동아리 지원사업,스포츠바우처 지원업무,,"동 마을변호사, 마을법무사 운영에 관한 사항","지역상권(골목상권 등) 활성화 , 우리동네아트테리어사업","정보통신운영 소모품관리, 전산실 부대장비 관리(UPS, 항온항습기) 및 NTP 도입/운영",,,,,"통합사례관리(목2동,목3동.목4동)",,"부가급여(교육경비, 명절위문품비, 월동대책비)",아동보호전담요원 관리 및 인건비 지급,,"도시가스, 지역난방",,서울형 텃밭 관리사업,,항측총괄,,,,,,직통민원 처리 및 보수반 안전교육,지하수 보조관측시설 유지관리,"압류둥록,해제 관리",여객운송업체(택시) 지도 단속 및 행정처분,감염병 환자 사망자 관리,,목5동평생건강센터(운동),구강보건사업관련,
59,"해누리홀, 아트홀 시설관리 및 운영",,"방송기술 업무 전반(카메라, 비디오, 음향, 조명 시스템 등)",성인문해교육 운영,장애인 생활체육교실,,,"물가대책위원회, 가격표시제, 착한가격 업소 등",재난 및 안전관리 업무(정보통신분야) 및 시-구간 영상회의지원(부),,,,,위기가정통합센터(민관경 협력업무),,"의료급여지원(장애인 보조기기, 요양비, 임신출산비)",학대피해아동 쉼터 운영 및 관리,,,,텃밭 분양 및 관리(양천1마당텃밭),,기존무허가 건물 관리,,,,,,가로등 유지관리 및 가로등 보수반 작업지시,지하수 수질검사 관리,세외수입 총괄,교통불편민원(택시) 신고분 심의 및 행정처분,해외입국자 관리 지원,,어르신 건강동행사업,구강보건실 사업 담당,
60,"해누리홀, 아트홀 대관업무",,라이브 방송 및 화상회의 운용 송출 업무,세외수입 관련 업무,"동력수상레저기구/체육시설업(목동,신월동) 신고 업무",,,소상공인 재난지원금(폐업자금) 지원업무,"개인정보보호 업무계획수립, 관리수준 진단",,,,,"통합사례관리(신정2,3동 목1,5동)",,입양아동 정산비 지급,"종사자관리, 입퇴소자관리, 운영지원 등",,,,충무계획,,"위반건축물 단속 및 처리(목1동, 신정4동)",,,,,,도로기전시설 설계 시공 및 감독,지방공기업 예산회계시스템 지출 업무,자동차 등록원부 발급 및 열람 업무,"여객운송업체(버스, 전세버스) 지도단속 및 행정처분",코로나19 통지서 발급 총괄 및 일보 작성,,"신월, 목동 건강동행센터 운영",,
61,구청사 전기.소방 시설물 유지관리 및 교체보수공사,,양천디지털미디어센터 대관,"수강생 접수, 수강료 수납 및 환불","지역축구리그(K7리그, Y리그) 운영",,,양천구 가방 소공인 지원센터 운영,"개인정보 관리실태 점검, 영향평가 업무 추진",,,,,복지자원 배분 및 자원정리,,"의료급여사례관리(신월3,5동, 신정1,3,7동)",아동학대 조사 차량관리,,,,숲가꾸기 사업 및 위해식물 제거,,"이행강제금 총괄(체납정리), 정보공개 업무",,,,,,도로 기전시설 관련한 주요현안사항 처리,지하수 굴착행위 신고 및 원상 복구관리,이륜차 관련 업무,교통불편민원(버스) 신고분 심의 및 행정처분,코로나19 후유증센터 지원,,지역사회중심재활사업,,
62,"시설 관리 및 운영, 행사지원",,"유튜브 콘텐츠 업로드 및 관리, 홍보",평생학습관 시설 대관운영 관리,,,,"소상공인 매니저 관리 운용(급여, 보험 등)","개인정보 관리시스템 운영, 개인정보보호 교육",,,,,회의 자료정리 및 준비,,의료급여심의 개최,"당직관리(당직편성,수당지급)",,,,산림 내 임목 폐기물 처리 및 산림통계,,"공동주택상가(무허가 등) 민원 업무, 위반건축물 단속 및 현장순찰(신월동)",,,,,,가로등형 전기차 충전소 운영 및 유지관리,지하수 계측기 봉인관련 업무,자동차 저당 업무,타기관이첩 법규위반차량 행정처분(버스),지역사회 금연서비스사업 계획 수립 및 평가,,보건지소 재활보조기기 대여 서비스 운영 총괄,,
63,"해누리홀,아트홀(조명/음향/무대)",,영상 편집 및 양천디지털미디어센터 라이브방송 지원,월별 체험프로그램 개발 및 계획수립,,,,ESG실천 사회적경제 커뮤니티 공간 지원,"근거리통신망(LAN)설치공사 및 운영, 보안USB관리",,,,,"통합사례관리 (신월2,4,6,7동)",,"상해요인조사(100만원 이상, 100만원 미만)","아동학대예방사업(교육,홍보 등)추진",,,,산림병해충 방제 및 관련 사업 업무,,"위반건축물(항측, 신발생) 단속 및 처리 - 담당동 : 목3동, 신월2,4,5동",,,,,,가로등 유지관리(대장 관리 및 민원 처리),유출지하수 및 출수량 등 조사,"특별사법경찰관업무(자동차손해배상보장법-신월동,자동차관리법)",사업용차랑 차고지외 밤샘주차 지도단속 및 행정처분,금연단속원 채용 및 관리,,신월보건지소 재활보조기기 대여,,
64,,,"미디어홀 음향,조명,전광판 운용",목공체험지도,,,,(예비)사회적기업 재정지원사업 등,영상정보처리기기 운영관리 방침 수립 및 개정,,,,,"통합사례관리(신월1,3,5동)",,"의료급여 지원(틀니, 임플란트)",e아동행복지원시스템 총괄,,,,"산림 관리 및 등산로 정비(용왕산,갈산,신정산)",,소송 총괄,,,,,,도로기전시설물 공공요금 납부 및 하자 관리,수방용 소형펌프 유지관리,자동차 의무보험 가입촉구서 발송,택시부가세 경감세액 지도단속,금연클리닉 및 금연 치료사업 운영,,신월건강동행센터 운동사,,
65,,,미디어홀 대관업무,연의목공방 운영,,,,공정무역사업 및 전국 사회연대경제 지방정부협의회 관련 업무,통합관제센터 이전 설치 관련 업무 총괄,,,,,내부사례회의 총괄,,"조건부수급자 개별자립지원계획수립, 조건제시유예, 조건불이행결정",아동학대 피해아동 사례관리 및 종결총괄,,,,작업차량 유지관리,,행정차량 관리,,,,,,도로 기전시설의 설계 시공 및 감독,"목동빗물펌프장 수방시설물(수문,펌프,기계,전기,통신 등) 및 소방시설물 유지관리",자동차 의무보험 과태료 부과 징수,운수종사 자격미달자 자격정지 및 취소,건강도시사업,,어르신 건강동행사업 재활파트,,
66,,,미디어센터 시설 운영 및 장비 관리,연의목공방 운영 및 목공체험 지도,,,,"협동조합 설립,변경,해산신고에 관한 업무","방범CCTV 구축 설계, 발주, 감독",,,,,"통합사례관리(신정1,4,6,7동)",,"국민취업지원제도, 허그일자리, 장애인취업성공패키지","아동학대 사례판단 회의 운영 - 회의진행, 자문비 지급 등",,,,산림관리초소 및 작업 관리,,공동주택상가(무허가 등) 민원 업무,,,,,,재건축현장 가로등 업무 협의,목동빗물펌프장 수방시설물 및 소방시설물 유지관리,특별사법경찰관 업무(자동차손해배상보장법),부동산 압류해제,장기기증 관련 업무,,목동건강동행센터 영양사,,
67,,,라이브 방송 및 화상회의 운용 업무 지원,목공체험 프로그램 개발 및 계획수립,,,,사회적경제지원센터 운영 및 청사관리,방범CCTV 설치 장소 선정 및 설치 민원 처리,,,,,건강 관련된 상담 및 서비스 연계,,"건강생활유지비 지급, 국가유공자 무료진료증 발급","자립준비청년 자립지원 및 사후관리(자립수당, 임대주택 등)",,,,야생조수 보호(AI) 및 수렵지도,,"위반건축물(항측, 신발생) 단속 및 처리(목4동, 신월1동, 신정1,7동)",,,,,,"보안등1,2구역 유지관리",목동빗물펌프장 수방시설물 및 소방시설물 유지관리 업무,(총괄)이륜차 신고처리 및 이륜차위반 과태료 부과,과태료 이의신청 법원이송,국민건강증진법 위반 과태료 관련 업무,,어르신 건강동행사업 영양파트,,
68,,,영상 촬영 편집 등 영상콘텐츠 제작,,,,,사회적경제위원회 및 사회적경제기본계획,방범CCTV 노후장비 교체 및 성능개선 추진,,,,,,,"안심소득사업, 가사간병방문도우미 바우처 사업",가정위탁보호아동 지원에 관한 사항,,,,먹는 물 공동 이용시설 정비 유지관리,,"위반건축물(항측, 신발생) 단속 및 처리 - 담당동 : 목2,5동, 신월7동, 신정2동",,,,,,보도육교 승강기 유지관리,"목동 빗물펌프장 수방시설물(수문,펌프,기계,전기,통신 등)및 소방시설물 유지관리 업무","말소,폐차(차령초과 수출 멸실 등)",주정차위반과태료 부과 및 체납징수,"흡연 및 금연구역 민원 처리 및 관리(목동, 신월동)",,,,
69,,,미디어영상팀 업무용 차량 관리,,,,,사회적경제 통합지원센터사업 운영관리,소규모CCTV 공사 설계 발주 감독,,,,,,,"의료급여사례관리(신월2,4,6,7동, 신정2,4,6동)",입양가정 지원 및 사례관리,,,,생태농업분야 근로자 복무관리 및 인부임 관리,,"위반건축물(항측, 신발생) 단속 및 처리- 담당동: 신월3,6동, 신정3,6동",,,,,,도로 기전시설의 설계시공 및 감독,목동 빗물펌프장 수방시설물 및 소방시설물 유지관리 업무,인증기 관리 및 총괄,세외수입(특별회계),"금연구역 흡연단속,민원처리",,,,
70,,,유튜브 영상콘텐츠 구성안 대본 작성,,,,,"입주기업, 창업디딤누리, 양천 청년소셜벨리",방법CCTV 현장시시스템 긴급복구공사 추진,,,,,,,"의료급여 신규자 관리, 산정특례등록",보호대상아동 보호조치 등에 관한 사항(신정동),,,,생태농업분야 각종 공공요금 납부,,,,,,,,재건축현장 보안등 관련 업무 협의,오목빗물펌프장 수방시설물 및 소방시설물 유지관리 업무,수출이행신고,주정차과태료시스템 관리,흡연 및 금연구역 민원 처리(신정동),,,,
71,,,"촬영에 필요한 장소, 게스트, MC 섭외",,,,,중소기업 육성기금 지원 및 운용 업무,불법주정차단속 CCTV 신규 구축 설계 발주 감독 및 운영관리,,,,,,,동일성분의약품 중복투약관리,보호대상 아동 보호조치에 관한 사항(목동),,,,조성계획 및 유지관리 계획(녹지분야),,,,,,,,"가로등, 분전반 및 기전시설물 정비(관리 총괄)",오목빗물펌프장 수방시설물 및 소방시설물 유지관리,자동차 해외일시반출입,운수(운전자)과태료 및 과징금 부과징수 및 체납관리,금연구역 시설점검 및 지도단속,,,,
72,,,스크립트 작성 및 자료 수집,,,,,소상공인 무이자 융자 지원,지능형 선별관제시스템 운영관리 및 고도화 추진,,,,,,,"의료급여 사후관리(사망상실, 중복이중청구, 출국기간 중 청구 등)",학대피해아동 보호조치 지원,,,,"하천, 제방 생태복원 녹화사업 및 유지관리",,,,,,,,"가로등, 육교등, 분전반 및 부속 시설물 보수",오금1빗물펌프장,"소유권이전등록(특사경업무지원,경매,공매)",주정차위반과태료 체납처분(독촉 및 압류),흡연 및 금연구역 민원 처리(목동),,,,
73,,,,,,,,복권판매 업무,지능형 선별관제시스템 고도화 및 운영,,,,,,,"의료급여사례관리(목동, 신월1동)",공동생활가정 보호아동 사례관리,,,,"녹지분야 하천 점,사용 업무",,,,,,,,도로기전시설물 순찰(가로등 야간 순찰 포함),"오금1 빗물펌프장 소방시설물(수문, 펌프, 기계, 전기, 통신 등) 및 소방시설물 유지관리 업무총괄",인증기 관리,"세외수입(시특별,구일반회계) 현계",흡연 및 금연구역 민원 처리(신월동),,,,
74,,,,,,,,불법공산품 행정처분 업무,신월3동 스마트 도시재생 CCTV 발주 및 구축,,,,,,,상해요인조사(100만원 미만),사례회의 자료 총괄,,,,녹지분야 정비 및 관리에 관한 사항 등 협의,,,,,,,,가로등 민원사항 처리 및 긴급사고 대응,"오금1 빗물펌프장 수방시설물(수문, 펌프, 기계, 전기, 통신 등) 및 신일펌프장 유지관리업무",자동차 신규(해외 이사짐 포함) 및 부활등록,과오납 환급,금연구역 시설점검 및 흡연자 지도 단속,,,,
75,,,,,,,,"대부업, 전화권유업",CCTV 스마트폴 통합 구축,,,,,,,"통합조사(목5동, 신정6동)",보호대상아동 보호조치에 관한 사항(신월동),,,,"하천,제방 생태복원 녹화사업 및 유지관리",,,,,,,,"승강기, 지하보차도 기전설비 유지관리 등",오금2빗물펌프장 수방시설물 및 소방시설물 유지관리,"자동차등록번호판, 부착소 관리",주정차위반과태료 렌터카 임차인 명의변경,흡연 및 금연구역 민원처리(신정동),,,,
76,,,,,,,,방문판매업,스마트시티 통합플랫폼 운영 및 관리,,,,,,,"통합조사(신월1동, 신정1동)","서울SOS어린이마을 보호아동 사례관리, 보호대상아동 사례관리 총괄 및 현황 관리",,,,"안양천 녹지 시설 등 하천 점,사용 업무 협의",,,,,,,,가로등 육교등 분전반 및 부속시설물 보수,오수중계펌프장 유지관리 업무총괄,자가용 사용신고,압류해제 및 일일결산,,,,,
77,,,,,,,,통신판매업 신고증 발급 및 민원처리,스마트시티 통합플랫폼 운영,,,,,,,직무역량강화교육,아동보호전담요원 실적 취합,,,,벚꽃십리길 정비 관리,,,,,,,,가로등 고소작업차량 관리,"양화빗물펌프장 수방시설물(수문, 펌프, 기계, 전기, 통신 등) 및 소방시설물 유지관리 업무 총괄",저공해 스티커 교부,시효 및 불납결손,,,,,
78,,,,,,,,"다중이용시설(전통시장, 대규모 점포) 소방 시설 등 안전 관련",통합관제센터 견학 프로그램 운영,,,,,,,사회복지가이드북 제작,드림스타트 업무계획 수립 및 예산 회계관리 총괄,,,,조명 및 cctv 등 시설확충 및 유지관리 지원,,,,,,,,제설대책기간 단계발령 시 제설용 유니목 운전,양화빗물펌프장 수방시설물 및 소방시설물 유지관리,"변경등록(용도, 등록번호, 타시도 전입 등)",체납 및 말소차량 대체압류,,,,,
79,,,,,,,,농수특산물 직거래장터 운영,통합관제센터 관제업무 운영 관리,,,,,,,통장사업 조사 총괄,"공무직,기간제 센터 운영인력 관리 총괄",,,,"시설분야 조성, 확충 및 유지관리 계획 수립, 연간단가 사업 추진",,,,,,,,,오수중계펌프장 유지관리,"택시 차령연장, 자가용 화물 차고지 증명",,,,,,
80,,,,,,,,"전통시장 및 상점가 상인회 등록 업무(월정로, 약수)",통합관제센터CCTV 정보공개청구(신월동),,,,,,,통합조사(신정3동-기초연금 제외),"운영위원회, 슈퍼비전 지원체계 구성 운영",,,,해빙기 및 풍수해 안전관리,,,,,,,,,신월빗물저류배수시설 관련 업무(토목),"지입차량 특기사항 등록, 봉인 관리",,,,,,
81,,,,,,,,"시장민원처리(우성, 약수, 신정제일, 신정1？2동)",통합관제센터 근무일지 작성 및 수사자료 제공,,,,,,,국민기초생활보장 조사 총괄,"대외협력 및 협약기관 운영 관리, 홍보 및 홈페이지 관리",,,,기타 잡상행위 등 불법행위 단속,,,,,,,,,신월빗물저류배수시설 자동제어시스템 운영,외부장치용 등록번호판 신고,,,,,,
82,,,,,,,,전통시장 골목형상점가 등록(월정로 약수 외),스마트시스템 운영관리,,,,,,,청년월세 조사 총괄,통합사례관리 및 통합정보시스템 관리 총괄,,,,안양천생태공원 현장관리,,,,,,,,,"안양천 유지관리 업무 및 민원처리(제방,자전거보행자도로 등)","소유권 이전등록(강제이전, 포털이전, 상품용 차량 이전)",,,,,,
83,,,,,,,,전통시장 시설현대화(목동깨비),통합관제센터 운영 관련 정보공개업무 처리(목동지역),,,,,,,공용휴대전화 관리,드림스타트 프로그램 수행 및 관리 총괄,,,,,,,,,,,,,연의근린공원 유수지 유지관리 업무,소유권 이전등록,,,,,,
84,,,,,,,,"시장민원처리(목동깨비, 경창, 신월6동)",통합관제센터 공공요금납부,,,,,,,"통합조사(목3동, 신월4동)",서비스 간 연계 및 사후관리 총괄,,,,,,,,,,,,,신월빌물저류배수시설 운영 및 유지관리(기계분야),임시운행 허가,,,,,,
85,,,,,,,,담배소매인 지정 등 관련 업무,CCTV실시간 영상감시및 계도방송,,,,,,,서울형기초 조사 총괄,가족지원분야 지역자원 발굴,,,,,,,,,,,,,신월빗물저류시설(구 신월지하차도) 유지관리 업무(기계분야),회수 자동차등록번호판 관리 및 폐기,,,,,,
86,,,,,,,,전통시장 시설현대화 사업 및 유지보수,"비상벨 호출 대응및 경찰,소방업무 협조등",,,,,,,"통합조사(신월2동, 신정3동-기초연금)","목1동, 신월2동, 신월4동, 신월7동, 신정2동 위기아동 발굴 및 통합사례관리",,,,,,,,,,,,,비점오염저감시설(신정숲속마을) 유지관리 업무,소유권 이전 등록,,,,,,
87,,,,,,,,월정로시장 중앙노점 관리,개인 영상 정보 열람 제공및 파기 관리,,,,,,,통합조사(신정4동-기초연금 제외),통합정보시스템 기록 관리,,,,,,,,,,,,,신월빗물저류배수시설 자동제어시스템 운영 및 관리,"소유권이전등록(인증기관리,포털민원)",,,,,,
88,,,,,,,,"고객주차장 및 공유센터 유지관리(목동깨비시장, 목사랑시장), 전통시장 고객지원센터 지원 관련",CCTV 실시간 영상감시 및 계도방송,,,,,,,초중고교육비 총괄,"보육분야 지역자원 발굴, 프로그램 수행 및 관리",,,,,,,,,,,,,신월빗물저류배수시설 운영 및 유지관리(기계),,,,,,,
89,,,,,,,,"시장민원처리(신영, 월정로, 서서울, 신월3동)",비상벨 호출 대응 및 경찰 소방 업무 협조 등,,,,,,,타법의료급여 조사 총괄,"목4동, 신정1동, 신월6동, 신월3동, 신정4동 위기아동 발굴 및 통합사례관리",,,,,,,,,,,,,자동제어시스템 운영 및 관리,,,,,,,
90,,,,,,,,특성화시장 육성사업(문화관광형),개인영상정보 열람 제공 및 파기 관리,,,,,,,한부모가족 조사 총괄,"보건분야 지역자원 발굴, 프로그램 수행 및 관리",,,,,,,,,,,,,소방관련 시설물 유지관리,,,,,,,
91,,,,,,,,전통시장 경영현대화(국시비 보조금 사업 등),CCTV 실시간 영상 감시 및 계도방송,,,,,,,"통합조사(신월6동, 신월7동)","목2, 목5, 신월1, 신정6, 신정7 위기아동 발굴 및 통합사례관리",,,,,,,,,,,,,신월 빗물저류배수시설 운영 및 유지관리(전기분야-보조),,,,,,,
92,,,,,,,,"시장 민원(목사랑, 신곡종합, 목2동 )","비상벨 호출 대응 및 경찰,소방 업무 협조 등",,,,,,,기초연금조사 총괄,"복지분야 지역자원 발굴, 프로그램수행 및 관리",,,,,,,,,,,,,소방관련 시설물 유지관리 업무,,,,,,,
93,,,,,,,,,개인영상정보 열람 제공 및 파기관리,,,,,,,"통합조사(신정2동, 신월3동)","목3, 신월5동, 신정3동 위기아동 발굴 및 통합사례관리",,,,,,,,,,,,,신월빗물저류배수시설 운영 및 유지관리(기계분야)보조,,,,,,,
94,,,,,,,,,"비상벨 호출 대응 및 경찰, 소방 업무 협조 등",,,,,,,장애인급여 조사 총괄,드림스타트와 지역아동센터 연계업무 지원,,,,,,,,,,,,,안양천 출입통제시설 관리 보조,,,,,,,
95,,,,,,,,,"개인영상정보 열람, 제공 및 파기 관리",,,,,,,공용차량관리,돌봄 필요아동 발굴 연계,,,,,,,,,,,,,,,,,,,,
96,,,,,,,,,비상벨 호출 대응 및 경찰 소방 업무 협조,,,,,,,"통합조사(신정4동-기초연금, 신정7동)","지역아동센터 아동복지교사,아동돌봄교사 관리",,,,,,,,,,,,,,,,,,,,
97,,,,,,,,,비상벨 호출 대응 및 경찰？소방 업무 협조,,,,,,,유급병가 조사 총괄,드림스타트 맞춤프로그램 지원,,,,,,,,,,,,,,,,,,,,
98,,,,,,,,,개인영상정보 열람？제공 및 파기 관리,,,,,,,차상위본인부담경감 조사 총괄,,,,,,,,,,,,,,,,,,,,,
99,,,,,,,,,"CCTV모니터링,실시간계도방송",,,,,,,"통합조사(목1동, 목2동)",,,,,,,,,,,,,,,,,,,,,
100,,,,,,,,,,,,,,,,희귀질환조사 총괄,,,,,,,,,,,,,,,,,,,,,
101,,,,,,,,,,,,,,,,차상위계층 조사 총괄,,,,,,,,,,,,,,,,,,,,,
102,,,,,,,,,,,,,,,,차상위자활 조사 총괄,,,,,,,,,,,,,,,,,,,,,
103,,,,,,,,,,,,,,,,"통합조사(목4동, 신월5동)",,,,,,,,,,,,,,,,,,,,,
104,,,,,,,,,,,,,,,,맞춤형급여 관리 총괄,,,,,,,,,,,,,,,,,,,,,
105,,,,,,,,,,,,,,,,통합관리(신정3동),,,,,,,,,,,,,,,,,,,,,
106,,,,,,,,,,,,,,,,"통합관리(신정2동, 신정7동)",,,,,,,,,,,,,,,,,,,,,
107,,,,,,,,,,,,,,,,업무보고자료 작성,,,,,,,,,,,,,,,,,,,,,
108,,,,,,,,,,,,,,,,생활보장위원회 자료,,,,,,,,,,,,,,,,,,,,,
109,,,,,,,,,,,,,,,,"통합관리(신정4동, 신정6동, 시설수급자)",,,,,,,,,,,,,,,,,,,,,
110,,,,,,,,,,,,,,,,보장비용 징수 총괄,,,,,,,,,,,,,,,,,,,,,
111,,,,,,,,,,,,,,,,"통합관리(목4동, 신월3동)",,,,,,,,,,,,,,,,,,,,,
112,,,,,,,,,,,,,,,,조건부과(제시) 유예자 관리 총괄,,,,,,,,,,,,,,,,,,,,,
113,,,,,,,,,,,,,,,,근로능력판정업무 총괄,,,,,,,,,,,,,,,,,,,,,
114,,,,,,,,,,,,,,,,"통합관리(목1동, 목3동, 신월4동)",,,,,,,,,,,,,,,,,,,,,
115,,,,,,,,,,,,,,,,장애인복지 관리 총괄,,,,,,,,,,,,,,,,,,,,,
116,,,,,,,,,,,,,,,,한부모가족 관리 총괄,,,,,,,,,,,,,,,,,,,,,
117,,,,,,,,,,,,,,,,"통합관리(목5동, 신월1동, 신정1동)",,,,,,,,,,,,,,,,,,,,,
118,,,,,,,,,,,,,,,,의료급여 관리 총괄,,,,,,,,,,,,,,,,,,,,,
119,,,,,,,,,,,,,,,,"통합관리(목2동, 신월7동)",,,,,,,,,,,,,,,,,,,,,
120,,,,,,,,,,,,,,,,차상위계층 관리 총괄,,,,,,,,,,,,,,,,,,,,,
121,,,,,,,,,,,,,,,,"통합관리(신월2동, 신월5동, 신월6동)",,,,,,,,,,,,,,,,,,,,,
122,,,,,,,,,,,,,,,,기초연금 관리 총괄,,,,,,,,,,,,,,,,,,,,,
123,,,,,,,,,,,,,,,,서울형기초보장 관리 총괄,,,,,,,,,,,,,,,,,,,,,
