,자치행정과,도시안전과,첨단도시과,민원행정과,여권과,기획예산과,경제진흥과,재무과,세무행정과,세무1과,세무2과,복지정책과,생활보장과,여성보육과,어르신복지과,아동청소년과,장애인복지과,교육문화국,교육협력과,문화예술과,생활체육과,문화재과,관광진흥과,송파책박물관,도시현대화국,주택사업과,주택관리과,도시계획과,건축과,공원녹지과,부동산정보과,교통환경국,도시교통과,주차정책과,도로관리과,치수과,맑은환경과,청소행정과,자원활용과,전략개발과,미래공간개발과,보건위생과,건강증진과,보건소,의약과,생애건강과,보건지소
0,"자치행정팀 업무 총괄, 동정 업무보고, 동 시행문서 심사 등","예산회계, 구의회 업무, 성과관리 및 부서평가업무 등","예산 회계, 복무관리, 주요업무계획 및 성과관리, 행정사무감사 및 구의회 관련 업무","주요업무 추진계획 수립, 민원실 환경 개선, 의정업무, 민원상담",여권교부업무 총괄,"국 주요업무계획, 예산 및 회계, 구의회 관련 업무, 특수시책, 현안사업 추진","생활상권육성, 지역상품권발행 및 유통산업 등","구유재산관리(행정),미지급용지 보상","시세입 평가 및 구세입 추계, 세입징수종합대책 추진계획 수립, 구의회 업무 총괄",재산세 업무총괄,지방소득세총괄업무,종합운동장 일대 국제교류복합지구 조성사업,"생활보장관련 주요업무 추진,사례회의 관련 슈퍼바이저 수행, 고충민원 대응","여성정책업무 및 여성친화도시 추진 총괄, 여성시설 관리 총괄, 여성단체 지도육성 및 관리 등","주요업무계획 및 현안업무,예산및회계관리, 구의회 업무 등",청소년수련시설 운영 및 지도점검 총괄 등,"○장애인정책팀 민원업무 총괄○장애인정책 개발 평가 총괄○장애인일자리 사업관리 및 평가, 신규사업 발굴",,"서울미래교육지구사업 운영, 송파인문학최고위과정 운영, 방과후 채움교실 운영, 교육중심가？학원중심가 조성","구립문화예술단체총괄, 소년소녀합창단, 실버합창단, 교향악단, 청소년교향악단, 송파문화예술지원센터운영","송파구 체육회, 체육회 보조금 집행 및 정산","풍납동 토성 복원정비 주요사업 실행 계획, 달빛산책로 조성, 기타","주요업무계획, 구의회, 예산회계, 감사, 석촌호수 명소화 사업, 석촌호수의 가을과 겨울, 그리고 루미나리에 축제 총괄","전기 및 전기시설무 안전 관리, 방송통신장비 운영관리",,"주요업무계획, 예산 결산, 지시사항, 구의회 업무 등","공동주택 관리주체 등 실태(기획)조사(총괄), 공동주택 관리업무 및 민원처리(거여1,2,오륜,장지), 공동주택 관련 타직원에 속하지 않은 업무","주요업무계획 및 현안업무, 예산 및 회계 관리, 구의회 업무 등","예산회계, 결산,구의회업무, 주요업무계획 수립, 보안, 과서무, 복무, 사회복무요원관리","결산, 직원급여 및 교육, 복무관리, 일반서무","예산회계, 구의회업무, 일반서무",,"o 국·과주요업무계획, 예산, 결산 업무, o 지시사항 및 구 역점사업(공약 등)추진, o 행정사무감사, 구의회관련업무(구정질문, 5분발언)","첨단 무인주차장 설치, 공영주차장 위탁 관리 및 시설유지보수, 송파구시설관리공단 예산운영(위탁금)","도로점용 관리 및 점용료 부과. 징수(잠실, 신천동)",하수도사업계획(예산)수립 총괄,"주요업무계획 및 구의회 관련 업무, 예산 및 회계, 성과관리","청소대행업체 선정 및 관리, 생활폐기물 처리 및 수집운반비 지급, 동 청소분야 평가",○자원순환행정업무 총괄○주요업무계획 수립 및 인센티브 사업 총괄○구의회 관련업무 및 신규사업 발굴 추진○1회용품 업무 총괄,"주요업무계획, 예산회계, 구의회업무, 현안업무 추진 및 정책사업 개발·수행 등",종합운동장 일대 국제교류복합지구 조성사업,"주요업무계획,구의회,보건소 인사 및 복무,예산회계 등",통합건강증진/지역보건의료계획/지역사회건강조사/암희귀난치의료비 지원/일상경비 출납),,"직원수당 및 복무 관리 업무, 정보공개청구 및 민원 배부, 공용차량 관리","생애건강과 업무 총괄(모자보건, 공공산후조리원, 산모건강증진, 치매안심)",보건지소 의료기능확대를 위한 시설확충 계획(거마 종합발전계획관리) 추진 등
1,"동청사 신축부지 매입 및 신축업무추진, 동청사 민원관리, 위례신도시 행정협의체","안전문화운동 추진, 안전교육 실시, 재난관리기금","CCTV 신규구매 및 성능개선 계획수립, CCTV 발주 및 관급자재 구매, 행정전산장비(PC, 프린터 등) 구매·보급","복무, 예산회계, 대외기관 평가추진, 국민행복민원실 관련 민원실환경개선",여권판독,"주요업무계획, 송파비전수립, 정책조정(토론)회의, 구정질문, 특별보고업무(서울시, 대외기관, 국회, 시의원 간담회), 특수시책 및 현안사업 추진","지역상권 진흥에 관한 업무, 생활상권 육성사업, 송파사랑상품권 등(지역화폐) 발행ㆍ운영ㆍ홍보ㆍ가맹점 관리 등, 공공배달앱 협약체결 등","주요업무계획, 총무, 예산, 회계, 구의회 업무, 감정평가 업무, 공무직 급여 및 공익요원관리",과오납 환급 및 소인총괄(지방소득세),"각종 주요업무계획 및 행정사무감사, 예산편성 및 세입분석, 성과관리, 인사 및 직원복무관리, 구의회 관련 자료 총괄","지방소득세 부과징수(가락본동, 가락2동(양소))","보훈회관 운영 및 보훈단체 지원, 사회복지시설 안전 및 지도·점검 총괄, 재무·노무 컨설팅, 사회복지법인 및 법인·시설시스템 등록 관리, 지역복지사업 평가, 찾아가는 보건복지서비스 업무 총괄","주요업무계획 및 현안업무, 예산·결산 및 회계, 구의회 업무 전반, 성과관리 및 지시사항, 사회복무요원관리, 문서접수·발송. 차상위계층 확인 결정 및 통지","주요업무계획,예산회계결산업무, 구의회관련업무","스마트 경로당 조성사업 추진, 효도안마사업 운영, 노인교실 지원","주요업무계획, 예산회계결산, 행정사무감사, 구의회 등","주요업무계획, 예산·결산 및 회계, 구의회 업무, 성과관리(BSC), 장애인복지종합계획 수립, 장애인복지 위원회 운영",,진로체험지원센터 운영,"송파문화재단, 서울놀이마당 공연운영, 실버악단, 송파민속보존회","서무주임, 구민체육대회, 체육문화시설건립(책박물관 주차장 부지)","풍납동 정주환경 개선사업 총괄,풍납동 공공시설물 디자인 개선사업 총괄,정주환경개선 주민협의체 관리","잠실관광특구 활성화, 잠실관광특구협의회 운영 지원, 석촌호수의 가을과 겨울 그리고 루미나리에 추진","도시안전과 소관업무,재해대책(치수, 제설 등) 추진,근로자 임금, 퇴직금, 4대보험 등 관리,청사 순찰 및 방호",,"분양가 심사, 재건축 안전진단, 모아주택 업무 등","주요업무계획 및 수립 총괄, 구의회 관련 업무, 예산편성 및 회계업무 처리",공공디자인진흥위원회 구성(안건검토 등) / 공공디자인 진흥계획 관련 / 공공디자인 개발 관련 업무 협의 등,"건축위원회 운영, 롯데,문정지구,동남권유통단지,잠실운동장,아산병원,오륜동(올림픽공원,한국체대), 주요방침",공원화장실 및 건축물 시설공사,부동산중개업소 지도단속 업무,,"자전거수리센터 운영, 자전거 법령 관련, 전동킥보드 업무","주요업무계획 수립, 예산 편성 및 결산,주차장특별회계 관리 총괄, 구역점사업 및 투자사업,구의회 관련업무","주요업무계획 수립, 예산,회계, 결산업무, 행정사무감사 및 구의회 관련업무",소구역 하수관로 정비 관련 업무,"환경보전기본계획, 이클레이, 송파환경지킴이, 친환경정책앱 운영 등","주요업무계획 및 구의회 관련 업무, 예산 및 회계, 성과관리","예산 및 회계, 자원순환집행계획 추진, 새활용센터 위탁 운영","복무, 보안, 기록물관리, 세외수입, 봉급？수당, 문서접수 등",송파대로 명품거리 조성,"보건소 청사관리, 차량관리, 폐기물관리, 물품보관 지원 등",통합건강증진사업,,"종합병원, 의료법인","모자보건팀장, 지시사항, 주요업무계획 및 업무보고 총괄, 예산/회계 총괄, 공공산후조리원 위탁 운영 총괄, 직원복무 사항 총괄"," 수당, 기록물, 물품관리, 보안, 민원접수 등"
2,"주요업무계획, 예산, 구의회 관련 업무, 주민과의 대화 등",송파안전체험교육관 운영 등,스마트도시 조성 관련 기획 및 실행 등,대외기관 평가 사업,"○ 주요업무 및 현안업무 추진 ○ 예산 및 회계, 결산업무 ○ 구의회 관련 업무","송파정책자문위원회, 위원회 및 MOU 관리, 구민여론조사, 행정혁신, 정부-시 간부회의(구청장, 부구청장) 및 정책협력","○ 서무주임, 주요업무계획, 행정사무감사, 구의회 업무, 예산·회계·감사업무 총괄, 성과관리,역점·공약사업 관리, 대규모점포 등록？관리, SSM 관련 업무 등","구유재산(일반) 및 실태조사 등, 구유재산(일반) 대부, 매각 변상금 부과, 공유재산심의회 운영 및 관리계획 수립, 지방재정공제회(재해복구 및 영조물 배상보험)","과오납 환급 및 소인, 세무종합권한관리","재산세 총괄/ 개인 취득세, 재산세 부과(잠실본동)",지방소득세 부과(가락1동),"종합사회복지관 운영 및 지도감독, 기능보강, 솔바람복지센터 운영 및 지도·감독, 사회복지시설 종사자 처우개선","의료급여기금 특별회계, 의료급여기관 부당이득금환수, 의료급여심의위원회 관련, 의료급여수급자 지원업무(건강생활유지비, 본인부담보상금, 초과금, 환급금, 입양아동 정산, 임신.출산 진료비 등)","안심 귀갓길 관리 및 모니터링단 운영, 여성1인가구 안전지원사업, 여성안심 택배서비스 및 여성 안심지킴이집 운영, 대일항쟁기피해자 관리, 여행방관리","경로당 시설관리 총괄, 대한노인회 송파구지회 지원","유니세프 아동친화도시 조성사업, 아동보호구역 지정·관리","발달장애인 평생교육센터 및 장애인가족지원센터 운영 지원, 발달장애인 실종예방사업, 장애인 인권보장 관련 업무 추진, 장애인 전수조사",,"서울미래교육지구사업 추진, 대학생멘토링 운영관리","주요업무계획 수립, 예산회계, 구의회 관련 업무, 종무행정",생활체육SOC 조성,"풍납동 정주환경 개선사업 실행, 풍납동 공공시설물 디자인 개선 사업(풍납토성 야간경관 조성사업)",일반서무 및 타 직원에 속하지 않는 업무,"기계설비 관리운용, 주차관제시스템 관리 운영 및 승강기 안전 관리",,"과 서무, 성과관리, 세외수입 총괄, 조합임원 교육 및 간담회 개최 운영 총괄, 각종 통계업무, 홈페이지 자료관리, 모아타운 조합 업무","공동주택 교육 총괄, 공동주택 관리업무 및 민원 처리(방이1？2동,가락1동) 등","공공디자인 관련 법규 등, 공공디자인 사업 추진 및 유지관리, 공공미술작품 관리 및 활용, 공공디자인위원회 및 공공미술위원회 운영","건축사등록, 업무대행건축사, 명예건축지도원 운영, 일자리창출, 문정동 건축 인허가",석촌호수유지관리,"부동산중개업소 지도 단속 업무(문정동, 가락동)",,"o 자전거도로 조성, 정비 및 유지관리(안전시설 포함) o 자전거 편의시설(주차장, 거치대, 공기주입기 등) 설치 및 정비 o 송파구 공공자전거 보험 등","주차관리·관제 시스템 구축 및 관리, 부설주차장 관련 행정조치(문정, 석촌, 풍납)","과일반서무(기록물, 물품, 봉급, 수당, 사회복무요원 등), 보안업무 및 충무계획, 전문건설업 총괄, 전문건설업 실태조사 및 행정처분","업무보고, 성과관리, 직원 후생복지, 기록물관리","탄소중립 녹색성장 기본조례 및 기본계획, 기후위기 적응대책","강남자원회수시설 및 수도권매립지 반입관리, 폐기물 감량업무(반입량관리제,반입총량제)추진, 폐기물 반입수수료 납부 및 관련 통계자료 관리, 폐기물 통계관리 및 건축물 관련 협의, 민원성마대,가로토사 처리용역","1회용, 다회용품 관련 업무 추진, 과대포장 사업장 지도점검 및 분리배출 표시 점검 및 단속업무, 공공청사 폐기물 제로화추진, 자원순환공원 홍보관 운영관리","신청사 건립 추진, 현안사항 검토 및 정책사업 개발·수행","주요업무계획 및 구의회 관련업무, 예산회계, 기타 타직원에 속하지 않는 업무 등","세외수입관리(일일진료비, 수수료 등)건강검진비 및 진료비 건강보험공단 청구, phis 권한 관리 등","직원복무관리, 직원수당, 교육관리, 사회복무요원, 비밀문서, 일상경비지출, 물품담당, 기간제관리, 지역사회건강조사 전반에 관한 사항",,"병원급 의료기관, 요양병원, 호흡기환자진료센터",산후조리원 등,관용차량관리 등
3,"구·동 행정구역 조정, 공직선거 및 주민투표 관련업무, 송파구 구민대상","공연장 재해대처신고, 안심마을 조성사업","일반서무(정보공개업무, 직원 제수당, 기록물관리, 사회복무요원 관리 등), 사랑의PC","무인민원발급기운영 및 수수료 정산,서울시응답소,민원처리상황점검,세외수입","서무, 후생복지, 보안, 물품관리, 행정보조인력, 여권교부","공약사업 추진·관리, 주민과의 대화 등 구청장 건의사항 관리, 구청장협의회 등 각종 협의회 관리, 특수시책, 현안사업 추진","도시농업 관련 업무, 계량기(제조업ㆍ수리업 등) 신고 및 정기검사업무, 임산부농수산꾸러미 업무","구유재산(행정) 및 실태조사, 공유재산 시스템 총괄, 미지급용지 토지 보상 및 소송, 공유재산 조례 및 규칙","비OCR총괄,과오납(주민세,자동차세)","개인 부동산 취득세,재산세(잠실6동,거여1동)","과 서무 및 기획, 예산(세입세출), 성과관리, 구의회 및 행정감사 업무","지역사회보장실행계획 수립 및 평가, 의사상자업무, 무연고 사망자 관리, 재해구호, 송파구 동행센터 업무 총괄","주거급여 총괄 및 지급, 청년월세지원사업, 부정수급자 및 부양의무불이행자 보장비용 징수(주거), 저소득층 마스크 지원사업","송파여성문화회관 운영, 여성경력이음센터 운영, 양성평등주간기념행사, 여성교실 운영 및 관리, 성희롱 고충상담","경로당 운영 지원, 경로당 물품지원, 경로당 활성화사업, 경로당 설치 및 변경신고, 골목호랑이어르신 사업 운영","오금청소년센터, 잠실청소년센터, 꿈드림 운영 청소년지도사배치지원, 청소년운영위원회, 송파청소년축제","장애인단체 지원, 사회복지법인 관리 및 운영 지원, 장애인의 날 기념행사 추진, 지체장애인 쉼터 운영 지원, 시각장애인 쉼터 조성 추진, 장애인정보문화교육장 운영",,"미래교육지구 사업, 기간제근로자, 화상영어, 방역","구립합창단, 민속예술단, 구립극단 창단·운영, 문화 및 종교법인 정관 변경","과 서무, 송파구체육회 종목 대회 지원","국가지정문화재 보수 정비, 문화재디지털복원 사업, 학예 업무 전반 등","마이스산업 운영 지원, 외국인 관광 팸투어 추진","자원봉사자, 도슨트 관리 운영",,"추진위원회 구성 및 조합설립인가(최초),시공사 선정업무지원","공동주택 지원사업 및 공동체 활성화 사업 추진, 공동주택관련 주요 시책사업 발굴 및 추진, 공동주택 전문가 자문단 운영","공공디자인 사업추진 지원, 사설안내표지판 관리, 인공조명에 의한 빛공해 방지 업무 총괄, 일반서무(기록물 관리 및 보안사항, 사회복무요원 및 홈페이지 관리, 물품 관리 및 수당 지급, 직원 후생복지 및 교육)","통계,예규관리,충무계획,건축정보화(세움터 등)","근린공원 조성계획 및 유지관리(아시아, 잠실, 삼전, 풍납 등)","부동산중개업 행정처분 및 지도단속(가락, 거여, 마천)",,"일반서무(성과관리 총괄, 회계업무, 민원총괄, 복무, 교육 등)","거주자우선주차, 내집주차장 조성 담장허물기, 공유주차, 주차장 관련 민원처리 및 행정조치(오금,마천)","도로점용 관리 및 점용료 부과징수(풍납, 오금, 가락, 장지동)","한강수계관리기금 업무, 대규모개발사업 하수도 업무, 비관리청 관련 협의 및 민원업무(위례동, 오금동)"," ,복무, 교육,후생, 급여 등 녹색제품 구매촉진","서무(제수당, 복무관리등)전산 보안 문서관리세외수입 총괄","의류수거함 위탁·운영 관리, 자원재사용을 위한 나눔·녹색 장터 운영","도시전략 전문가 자문단 운영, 현안사항 검토 및 정책사업 개발·수행, 캠퍼스유치팀 업무 지원",송파대로 명품거리 조성 지원 등,"국제안전도시 공인업무, 안전도시위원회 운영, 건강도시 관련 업무, 찾아가는 어린이 안전교육",암희귀질환자의료비지원,,"의원, 한의원, 안마시술소 관리, 의료기관 자율점검 및 세탁물 관리 등","치매안심센터 업무, 서울아기 건강첫걸음사업 지원, 차량관리","홍보, 직원교육, 복무 및 수당 관리, 정원외인력관리, 급여관리"
4,"동청사 증축 및 리모델링, 시설보수, 행정장비 구입 등","안전한국훈련, 안전관리계획 수립","연간계획 수립, 프로그램 자체개발, 빅데이터 자체 분석","무인발급기 유지관리 및 점검, 문서분류 및 수발관리",여권교부,"○지시사항 수명 관리 ○주요연설문, 기고문 등 작성 ○정책실명제","담배소매인 지정관리 관련 업무, 복권판매업 지도 및 단속, 어린이제품안전특별법 및 생활용품안전관리법 관련 업무","계약관련 법령정비 및 제도개선, 계약관련 재정합의",세외수입 부동산 압류총괄,예산회계 물품 기록물 관리 등,지방소득세 부과 징수,"지역사회서비스투자사업 총괄, 사회복무요원","기초생계급여 보장결정, 생활보장전문위원회 운영","일반서무, 봉급 및 수당, 사회복무요원 관리, 새마을부녀회 지원, 양성평등정책(성별영향평가, 젠더거버넌스)","노인일자리 사업 운영, 송파시니어클럽 운영관리","청소년증 배부, 사회복무요원 관리(지역아동센터, 청소년시설)","장애인복지관 운영 지원, 장애인 일자리사업, 여성장애인 홈헬퍼 지원사업, 재가장애인 밑반찬 지원사업",,"진학학습지원센터 운영, 1:1진학컨설팅, 대입설명회 운영","일반서무, 청년아트페스티벌 총괄, 영화관리, 엔터테인먼트, 보안, 차량관리","송파구장애인체육회 지원, 동체육회 활성화 사업 지원","무형문화재 보전 및 지원업무, 지역문화재 활용사업, 지역문화유산교육사업, 서울창의마을 정비사업 등","관광사업체(관광숙박업,여행업, 유원시설업 등) 관리 총괄, 송파관광정보센터 운영활성화, 관광안내자료 제작 등 스마트 관광정보시스템 구축 총괄","책 박물관 전시기획업무전반, 전시콘텐츠 개발(조사·연구), 상설전시 및 기획전시 계획수립·운영, 전시 연출 및설계, 전시도록 발간 등",,"추진위원회 구성 및 조합설립인가(최초), 정비사업 회계감사기관 선정","공동주택 실태조사, 공동주택 관리업무 및 민원처리(풍납,마천,송파,문정2) 주택관리업자 관리","도시기본계획, 도시관리계획 검토/도시계획 관련 기획, 조사 및 연구","오금동 인허가, 회의자료(간부,국장), 행정소송, 인공조명 및 빛공해방지, 성과관리, 집합건축물 관리, 민간녹색건축물","근린공원 조성계획 입안조성, 공원화장실 유지관리","부동산중개업 행정처분 및 지도단속(방이,장지)",,"기업체 교통수요관리, 우대용 (어르신)교통카드, 승용차 마일리지, 운전면허반납 교통카드",삼전근린공원 공영주차장 건설사업 추진,"전문건설업 관리(신규, 폐업, 기재사항변경, 재교부) , 행정처분 사실조회확인, 전문건설업 실태조사 및 행정처분(공사대장미통보), 골재채취업 관리(신규, 주기적신고, 행정처분),국공유재산 관리","빗물받이 업무, 비관리청 관련 협의 및 민원업무(마천동, 장지동), 하수도사업 특별회계","송파나눔발전소 운영 및 기후변화기금관리, 에너지취약계층 지원사업, LED보급 촉진 사업 및 공동주택지원사업, 가상발전소 사업 추진 등","폐기물 수집·운반업 허가·관리(신고, 변경, 폐업), 사업장·건설폐기물 배출자 관리(신고, 변경), 사업장·건설폐기물 배출 현장 지도점검 및 민원처리, 폐기물 전자정보처리프로그램 실적관리, 차량관리","재활용 폐기물 분리배출 관련 업무, 폐기물재활용 신고 및 허가업무",기부채납공공시설 활용계획 수립 및 관리,방이동 노후공공청사 복합개발사업 추진,"보안,기록물,물품및재산,직원교육,홈페이지,충무계획",절주사업 등,,"의원, 한의원, 안마시술소 관리, 지역보건의료계획","예산 및 결산, 비밀보안","보건지소 운영지원사업(함께송파), 사업팀 실적보고, 간호학생 실습관리, 인력관리"
5,"일반서무, 문서관리, 보안, 유공구민 표창관리 등","안전한국훈련,통합지원본부 운영","빅데이터 자체 분석 및 사업발굴, 시스템 간 빅데이터 연계 구축, 빅데이터 마켓 통합플랫폼 운영관리, 자체 개발 정보시스템 운영관리",통합민원,여권 접수 심사 업무 총괄,"일반서무, 월중행사, 행정사무 착오보상제, 청문주재자 인력풀, 창의보드 지원, 공유촉진 관련, 새해 달라지는 제도","중소기업 육성기금 관리 및 융자지원, 송파구상공회 운영지원, 중소기업정보관 관리","원인행위, 조달물품구매",세외수입 체납총괄,"개인 부동산취득세, 재산세(거여2동, 오륜동-농지)지역자원시설세 총괄","지방소득세 담당동 부과징수(장지동, 위례동), 레저세총괄","보훈수당, 행복e음","주거급여 총괄 및 지급, 청년월세지원사업, 부정수급자 및 부양의무불이행자 보장비용 징수(주거)","송파 가족센터, 어린이집 생활SOC복합화사업 추진 총괄, 여성쉼터·가정폭력 상담소 관리, 한부모가족복지시설 관리, 가정성폭력 의료비지원(원스톱 지원센터), 안심귀가스카우트 운영","취약 독거어르신 보호대책 총괄, 노인맞춤돌봄서비스사업 운영","청소년활동 공모사업, 청소년 또래울 공모사업, 아동청소년 육성위원회, 아동청소년참여위원회, 아동청소년 관련 비영리법인 및 사회복지법인 지도점검, 기타 타직원에 속하지 않은 업무 등","일반서무, 사회복무요원 관리, 장애인식개선교육",,"송파런 명사, 찾아가는 교육센터, 이야기교실 운영","예송구청 갤러리, 잠실생활문화지원센터, 청년레지던시 프로그램 운영, 공공예술프로젝트","(장애인)스포츠강좌이용권, 생활문화대학 운영, 구립·학교체육시설 사용료 지원, 축구·풋살교실 운영, 여성축구단 운영, 생활체육행사 추진(마라톤) 등",문화재 보존·관리·활용 업무 지원,"관광숙박업, 유원시설업 등록 및 관리, 관광분야 3종시설물 등 안전관리, 어린이놀이시설 관리, 관광안내","송파책박물관 도서자료 수집(구입 및 기증).검수.등록.정리.관리, 도서자료 관리시스템(DB) 관리 및 운영, 전시용 도서 선별 및 구입",,"재건축사업(잠실5단지,미성크로바,장미1,2,3차,오금현대,한양2차,잠실우성4차 등)","공동주택 관리주체 등 실태조사 보조, 공동주택 관리업무 및 민원처리(삼전, 위례, 잠실4, 잠실7)","도시관리계획업무(잠실,가락,장지,석촌,삼전,풍납)","신천동, 가락동, 마천동 건축인허가, 감사(건축인허가)","공원화장실 유지관리, 기간제채용 업무 보조","부동산중개업 행정처분 및 지도단속(송파,석촌)",,교통유발부담금 부과 및 징수 관리(총괄),"일반서무, 예산 및 회계 관리(일상경비), 주차장관련 민원처리 및 행정조치(장지)","도로점용 관리 및 점용료 부과 및 징수(방이,삼전,문정,위례),공중선 정비","비관리청 관련 협의 및 민원업무(방이1동, 오륜동, 거여동), 하수악취업무 총괄",환경개선부담금 부과 및 체납관리,생활폐기물 관련 민원처리,"- 재활용품 선별장 및 대형폐기물 처리시설 위탁 운영 관리 - 대형폐기물 배출 모바일 앱 운영 관리 - 재활용품판매대금관리기금 관리 -대형생활폐기물(폐합성수지/폐목재) 처리비 정산 관리 - 재활용품 수집, 운반 처리비 정산 관리 - 재활용 분리배출 교육","송파 ICT보안 클러스터 개발사업, 올림픽스포츠콤플렉스 조성사업",방이동 복합개발사업 업무시설유치 및 관리,"보건소 인건비(기간제근로자 제외)/ 맞춤형복지비용, 지출에 관한 사항, 민원배부, 당직관리 등",심뇌혈관질환 예방관리사업,,"한방과 업무전반 및 행정, 건강검진기관 지정 및 건강진단","직원교육, 직원수당, 민원접수, 일상경비 및 기본경비 지출","지역사회중심재활, 재활보건사업"
6,"주민등록, 인감담당","재난관리평가, 기능연속성, 재난안전전문교육, 코로나19 백신점검","공공데이터, 데이터기반행정","외국인 체류지변경, 외국인등록사실증명 발급",여권심사,"- 담당관, 행정안전국 예산편성 및 운영","소상공인 종합지원센터 운영관리, 찾아가는 소상공인 희망플래너 운영, 소상공인 지원사업 추진, 공장등록, 문정지구 지원 업무, 지식산업센터 업무","공사계약, 계약심의위원회 운영",세입세출예산 편성 및 수수료징수조례 개정,"개인 부동산 취득세, 재산세(삼전동)",지방소득세(종합소득분) 계획수립,"주요업무계획수립, 신규사업 발굴 및 계획수립, 통합사례관리 추진(슈퍼바이저, 사례회의 운영), 송파구 소나무센터 운영(센터장 겸임)","국민기초생활보장수급자(입양아동) 생계급여 지급, 의사무능력(미약)자 급여 관리, 국민기초생활보장 해산-장제급여 지급, 부정수급자 및 부양의무불이행자 보장비용 징수(생계), 서울형 기초보장 결정 및 급여지급, 독립유공자 무료진료증, 한시생활지원",송파여성경력이음센터 교육,"무더위 및 한파대책업무(쉼터 운영지원등) 저소득 독거노인 생활보조 수당 지원노인 성인용보행기 지원사업 기초연금 보장결정,이의신청,징수","마천청소년센터 운영 및 관리,청소년 독서실&공부방 등",장애인 연금 및 수당 보장 결정 및 지급,,"송파런 유치원 원어민 영어 교실 추진, 송파런 어린이 영어 교실 추진, 뮤직 스튜디오 운영","문화실험공간 호수 운영, 아뜰리에 운영","생활체육교실(장애인), 직장운동부(조정) 운영 및 관리, 태권도 시범단운영, 걷기 대회, 학교 야구부 지원사업 등","보존팀 인력관리(공무직, 기간제 등), 보존팀 물품관리 및 회계 업무(현장직·기간제, 공공요금 등), 고분주차장관리, 문화재 일상관리 및 부대시설 정비(풍납백제문화공원, 석촌·방이동고분군, 경당역사공원), 몽촌토성 현상변경(행사·촬영)","송파관광정보센터 운영, 여행업 등록 및 관리, 무인관광안내시스템 콘텐츠 구축 및 운영","어린이전시 개발 및 운영, 교육프로그램 개발 및 운영, 교육강사관리 등",,"재건축정비사업(잠실진주, 잠실우성123차, 가락우성1차, 한양3차, 가락삼익맨숀. 대림가락, 송파미성)","공동주택관리업무 및 민원처리(문정1,문정시영,잠실2,3)","도시기본계획, 도시관리계획 검토/도시계획 관련 기획, 조사 및 연구, UPIS 관리","삼전동 석촌동 인허가, 위반건축물 총괄","공원 유지관리 인원 및 현장관리(오금, 천마, 누에머리 등)","부동산중개업 행정처분 및 지도단속(삼전, 오금)",,"방치자전거, 따릉이, 방치킥보드","부설주차장 관련 행정조치(거여, 삼전, 가락, 송파, 오금, 방이), 유휴토지 주차장 조성, 「송파구 나눔 주차장」 운영, 민영주차장 접수, 부설주차장 개방 사업, 주차환경개선지구 관련 업무 등","도로점용 관리 및 점용료 부 및 징수(거여, 마천, 석촌, 송파","비관리청 관련 협의 및 민원업무(가락동, 문정동)","송파구주부환경협의회, 나눔교복매장, 환경단체 보조금, 해설이 있는 생태탐방프로그램, 물환경체험학교, 생태교란식물 퇴치 캠페인,라돈 및 실내공기질 간이측정기 대여",도시청결 관리기본계획,"자원재활용 사업 추진(폐가전, 폐형광등, 폐건전지, 종이팩, 폐식용유, 커피찌꺼기 등), 태양광 패널 철거 관련 안내, 빈용기 보증금제도 업무, 재활용품 의무사업장 관리, 무인회수기 설치 및 운영","문정도시개발사업, 가락시장 현대화사업",가락본동 청사개발 추진,"선별진료소·통합콜센터 운영 총괄, 임시선별검사소 지원, 기간제근로자 인건비 지급 및 4대보험 신고, 송파 다둥이 안심보험","대사증후군관리사업,보건소 모바일헬스케어사업,송파건강관리센터,",,내과 업무 전반에 관한 사항,"난임부부 시술비 지원사업,한의약 난임치료 지원사업,서울형 난임부부 시술비 지원사업,청소년산모 임신출산 의료비지원,모자보건 인력관리(기간제 채용, 급여지급 및 정산 등)",노인건강증진사업 및 진료실 업무대직
7,"동향, 자료수합 등","안전관리위원회 운영, 지역축제 안전관리계획","스마트주민구청장실 운영관리 ,국가통계조사업무총괄, 송파통계연보 발간, 전산소모품 구매보급 관리",통합민원(등초본),여권접수,"-기획재정국, 교육문화국 예산편성 및 운영 -세입총괄 - 투자사업 - 특별교부세, 특별교부금 관리 -성인지예산","중소기업 지원 사업(판로마케팅, 박람회 등), 특별신용보증 추천, 맞춤형 입찰정보 시스템, 경영지도사, 일자리안정자금 지원사업",용역계약,"세외수입 교부청구, 자동차 및 기타채권 압류","재산세 가락2동, 오륜동(농지외) 담당 / 재산세 수시분 독촉고지서 발송 총괄","지방소득세(송파2동,잠실4동)","통합사례관리, 소나무센터, 고독사예방","직원 복무관리, 제수당, 저소득층 정부양곡지원, 국민기초생활수급자 교육급여, 부가급여(명절위문금, 월동대책비, 교육경비) 지급, 의료급여관리사 관련 업무, 의료급여수급자 요양비 지급, 저소득층 건강보험료 지원, 틀니 임플란트 관련업무",송파여성경력이음센터 경력단절여성 대상 취창업 지원,"기초연금 결정 및 통지, 행정도우미 관리","지역아동센터단체급식지원, 지역아동센터 아동복지교사·아동복지전문가채용관리 등",저소득장애인추가지원,,"송파런 명사 관리 및 특강 운영, 송파런 교육센터 운영 관리","서울놀이마당 시설관리(시설 등), 출판·인쇄업, 정기간행물, 사회복무요원 관리","여성축구단 및 축구교실 운영지도, 풋살, 축구교실 운영지도 지원, 여성축구장 운영관리 지원, 오금 풋살구장 운영관리 지원, 대회 지원(민원접수 불가)","문화재 정비, 현상변경","관광기념품 개발·판매, 관광진흥기금 운영 등",책박물관 소장자료 조사 수집 관리,,"조합설립변경인가, 투기과열지구 내 1세대1주택 확인업무, 학교용지부담금 부과징수","공동주택 관리업무 및 민원 처리(가락본, 가락2, 잠실본, 석촌, 오금)","도시관리계획업무(거여, 마천, 문정, 송파, 오륜, 방이, 오금)","위례동,마천동 건축인허가, 이행강제금","근린공원 현장관리(글샘, 소리, 건너말, 개롱, 두데미)",부동산실명법 소송에 관한 업무,,○스쿨존안전지킴이·교통안전지도사업 ○일반서무(수당·물품·기록물·사회복무요원 등) ○충무 및 동원,"부설주차장 인허가 협의 및 주차전용건축물관리(송파1동~잠실7동), 주차장 관련 민원처리 및 행정조치(마천), 기계식주차장관리, 안전도 인증 및 보수업 등록, 주차장 수급실태 조사 용역","도로굴착업무(전기,하수, 난방, 기타)","풍수해대책(정), 비관리청 관련 협의 및 민원업무(잠실동)",전기차 및 충전소 보급 등,환경미화원 인력운영 종합계획,"-자원순환공원 현장 관리 ,-재활용 순찰 및 현장민원 처리 ,- 폐금속자원 재활용사업","올림픽스포츠콤플렉스 조성사업, 한국예술종합학교 이전 사전타당성조사 용역, 도시 및 지역개발사업 검토 등","수변감성도시 조성 기본계획 수립,수변유휴공간 발굴 및 편의시설 개선 지원, 외부 공모사업 추진 등","계약, 원인행위, 세입세출외현금","스마트주치의, 영양사업",,"치과, 구강보건사업","산모신생아 건강관리 지원사업, 선천성대사이상 환아관리(의료비, 특수조제분유지원), 미숙아 및 선천성 이상아 의료비지원, 신생아 난청조기진단 의료비 및 보청기지원, 안심일자리인력관리","임상병리실, 진료실, 세외수입징수, 공단청구, 금연클리닉"
8,"자치회관 운영 및 주민자치(위원)회, 통반관리 업무총괄","재난관리자원 관리, 재난 유형별 현장조치 행동메뉴얼 총괄, 지진 테러 화산 가뭄 업무",정보기획업무 / 범정부EA관리,통합민원(가족관계),,"교통환경국, 구의회 예산편성 및 운영, 기금 관리 운용, 국시비 보조금 반환, 지방재정현황 공시 및 분석, 예산성과금제도 및 예산낭비신고 운영","대부업 등록 및 관리, 나들가게 지원사업, 소상공인 손실보상 및 기타지원, 노동조합 관리, 중소기업제품 공공구매 실적관리","물품계약(교육문화국, 교통환경국), 물품관리 및 매각계획 수립",세외수입 현계,"취득세 총괄, 재산세 업무 (가락본동)","지방소득세 부과징수[송파1동, 거여1동(양도소득분)]","긴급지원 홍보/ 사업비(생계, 주거, 기타)지급/긴급지원심의위원회 운영/긴급지원사후관리(생계비)/긴급지원 상담 및 접수(마천1,2동/송파1,2동/석촌동/삼전동/가락본동/가락1,2동/문정1,2동)","풍납1.2동, 방이1,2, 거여1.2, 오금동, 오륜동(의료급여사례관리,연장승인,선택병의원, 산정특례),상해요인조사(보장기관)","송파여성경력이음센터 행정사무, 회계","기초연금 지급, 저소득 어르신급식지원, 노인의집 운영","송파키움센터 공간 발굴 및 확충, 송파키움센터 민간위탁 관련 업무, 송파키움센터 공간확정 심의위원회 운영, 지역돌봄협의회 운영",장애인자립생활센터 지원,,"송파런 명강사, 이야기교실 운영, 운영지원"," 구민회관 리모델링, 구민회관 운영","팀 예산회계업무, 오금공원 체육시설운영관리, 아우름체육센터 운영관리, 구립체육시설 사용신청관리, 기간제근로자 관리 등",풍납동 토성 현장관리 총괄,"상권연계 여행코스 개발 및 사업지원, 송파 문화관광해설사 운영, 시티투어버스 운행 추진, 관광안내판 시설 유지보수 관련, 스탬프투어 운영 관리",,,"소규모주택정비사업 조합 업무, 투기과열지구 내 1세대 1주택자 확인, 안전점검 수행기관 지정 등","보안, 복무, 교육, 직원봉급 및 수당, 물품관리, 사회복무요원 관리 등, 일반서무 및 타 직원에 속하지 않은 업무, 주택관리사(보) 자격 발급 업무","도시건축공동위원회 구성 및 운영, 지구단위계획관리(잠실1지구, 송파나루, 석촌고분, 위례성길, 삼전, 문정택지, 위례택지1,2단계)","장지동(물류센터),가설건축물, 안전점검 수행기관(건축1팀)","공원 유지관리 인원 및 현장관리(송파나루, 송파, 아시아 등)",부동산실명법,,○ 교통유발부담금 부과ㆍ징수관리 ○ 광역교통시설물부담금 부과ㆍ징수관리,"시간선택제임기제 관리(근무편성, 복무점검 등 관리) 및 채용, 성과관리, 복리후생 지원",도로굴착복구기금 관리,"풍수해대책(부), 비관리청 관련 협의 및 민원업무(신천동)","발전소 주변지역 지원 업무, 가스안전관리 종합계획 수립·관리, 고압·액화석유가스 허가 및 점검, 도시가스 허가 및 점검, 검사대상기기 업무, 폭염·한파에 관한 업무",가로 및 지역 청소 순찰,"음식물류폐기물 발생억제계획 추진, 다량배출사업장 관리",한예종 유치,"수변감성도시 조성 관련 행사 추진, 교육·홍보 업무, 주민참여사업 및 동별지킴이 활동 지원, 운영협위회 운영, 각종 공모전 추진",공용차량 관리 및 운전지원-보건위생과 업무지원,"대사증후군 관리, 모바일헬스케어관리",,"팀서무,치과병의원,안경업소,치과기공소,영유아발달정밀검사비지원","기저귀 조제분유 지원사업, 고위험 인산부 의료비 지원사업, 모유수유 실태조사, 간호학과 대학생 실습 업무 총괄","만성질환관리,건강생활실천사업"
9,"주민자치(운영)회 운영지원 및 관리, 동단위 특화사업, 자치회관운영연합회 지원",상황실 근무,"홈페이지 기획 및 운영관리, 대민 서비스 발굴 및 개발, 웹 접근성·호환성 적용 및 운영관리",고충 진정 질의 민원 접수. 행정안전국 인허가. 교육문화국 인허가,,"전략개발기획단, 보건소 예산편성 및 운영, 국고 및 지방보조금, 국·시비 보조금 등 간주처리, 중기지방재정계획, 지방재정동원계획 수립","통신판매업, 방문판매업, 전화권유판매업, 특수거래업","관급자재, 물품계약(교육문화국, 교통환경국 제외), 공사 수의계약(주민복지국)",부동산평가업무 총괄,"- 개인 취득세, 재산세(송파1동, 남위례)","지방소득세 (법인, 종소, 양소) 잠실6동 담당, 시세현년도 체납 총괄","국가긴급, 서울형긴급지원 총괄, 긴급복지(예산), 국가긴급 신청조사 및 사후조사(거여1,2동 / 장지동 / 잠실본동 / 풍납1,2동 / 방이1동 / 잠실2,3,4,6,7 / 오륜동 / 오금동 / 위례동), 국가긴급의료비 조사 및 사후조사","석촌동,삼전동,가락동,문정동,장지동,위례동(의료급여사례관리,연장승인,선택병원,산정특례),상해요인공단조사","CCTV 관제,여성안심귀가 상황실",송파노인종합복지관·송파실벗뜨락·송파복지센터 운영 지원 및 기능보강 등,"송파키움센터 운영관리 및 지도점검, 행정처분/ 키움센터 종사자 임면 및 복무관리/ 우리동네키움포털 운영 및 지원/ 키움센터 권역별 돌봄협의체 구성 및 운영/ 키움센터 안전점검/ 지역사회 연계 자원 발굴,개발(특별프로그램, 인력)",장애인자립정착금 및 자립자금대여,,"송파런 교육센터(풍납, 잠실, 가락2), 찾아가는 미래교육, 송파런 홈스쿨링, 송파런 논술언어학습",석촌호수 아트갤러리 건립,위탁 체육시설 운영.관리,방이동 방이고분군 관리,"관광관리팀 업무 총괄, 음악산업법, 게임산업법, 비디오법 관련업 지도 ·단속업무 총괄 등",,,"재건축사업(가락1차현대,가락미륭,문정동136),소규모재건축(가락현대5차,가락현대53동,유천연립),가로주택정비사업","위반건축물 단속 관리 및 이행강제금 부과(오금동, 방이2동, 마천1동)","오금지구, 방이지구, 풍납지구, 장지택지, 거여택지",방이동,공원전기시설(가로등) 담당,토지거래계약허가 및 등기해태 관련 업무,,교통유발부담금 및 기업체수요관리 보조,"- 응답소 현장민원 총괄- 불법주정차 과태료 부과자료대사- 단속자료 전산입력,서손등 자료관리- 사전통지서 발송 및 공시송담",지하안전관리,"풍수해대책(부), 비관리청 관련 협의 및 민원업무(석촌동, 풍납동)","에코마일리지, 온실가스에너지관리, 온실가스 컨설팅등",무단투기 과태료 업무 등,"RFID 종량기 설치 및 운영관리, 유지보수 및 세척, 종량기 수거대금 세입, 공급대행수수료 및 통신비 지급",,,보건소장실 업무,"스마트주치의, 신체활동사업, 비만사업",,"진단용방사선발생장치, 치과병의원 검진기관 지정 및 취소, 인력관리(공무직, 기간제근로자), 정보공개처리",산모건강증진팀 업무 및 서울아기 건강첫걸음사업 총괄,보건지소 구강보건사업(치과위생사)/장애인 무료 치과진료
10,"자치회관(프로그램, 장비구입)관리, 공공시설 유휴공간 개방, 도농교류사업 운영, 공구도서관, 한마음 어울마당 추진","안전분야 반부패 협의회 총괄, 안전감찰 및 시설물 안전점검 총괄 등","구민 정보화교육, 직원 정보화교육, RPA","기획재정국,주민복지국 인허가처리 업무",,"-주민복지국, 도시관리국 예산편성 및 운영 - 주민참여예산제 - 성과계획서 - 이월","충무(농림분야) 계획, 농지전용허가·협의, 농지관리, 기타농정업무",계약업무지원,개별주택 업무총괄,"개인 부동산취득세, 재산세(송파2동,잠실7동)",지방소득세(잠실본동),"복지사각지대 발굴 및 지원사업 총괄, 스마트플러그, 서울살피미 앱, AI안부확인서비스 사업 추진, 숨은희망찾기(송파러브팩) 추진, 송파희망톡 사업 추진, 위기가정 발굴·지원 홍보물 제작, 복지사업 길라잡이 발간, 홍보물 제작, 복지대상자 모니터 & 케어 방문서비스 추진","의료급여 사례관리, 의료급여 연장승인 및 산정특례(마천1.2동, 잠실본동, 잠실2,3,4,6.7동, 송파1.2동), 중복청구업무","안심이스카우트상황실, CCTV 관제","노인의료복지시설 관리,사회복지법인 관리","지역아동센터 19개소 운영 관리 및 예·결산 총괄, 지도·회계 점검 등, 법인전환시설 모니터링·승인, 종사자 임면, 호봉 책정 및 복무관리, 이용아동 돌봄서비스 신규·변경 결정",장애인자립생활주택 운영지원,,송파런 미디어실 운영 / 송파런 온라인 교육영상컨텐츠 기획 및 제작 / 송파런 유튜브채널 관리 /송파런 영상스튜디오 운영 / 송파아카데미 미디어장비관리 및 운영지원,"송파문화원 관리 및 지원, 공연장(영화관) 관리, 특정관리대상시설물 지도점검","구립 체육시설 교체 및 보수, 체육시설 환경개선","방이동고분군 및 사적지 문화재 운영관리(시설,장비,물품,기간제,지역,동행일자리등 인력관리)","음악산업법,게임산업법,비디오법 관련업",,,"재건축정비사업(가락상아1차, 가락극동, 가락프라자), 가로주택정비사업(방이동 삼익빌라, 방이동 금호빌라, 방이동 광동주택, 마천동 화인아트, 거여동 영풍빌라, 풍납동 성도연립), 민영주택건설사업(문정동 55-6 청년주택, 장지동 842-1 청년주택)","위반건축물 점검ㆍ정비계획 수립 , 항측 조사계획 수립 및 현장조사, 재난취약지역 점검, 위반건축물 단속 관리 및 이행강제금부과(석촌, 송파2, 마천2)","잠실2지구, 거여지구 지구단위계획 재정비,지구단위계획 업무(잠실2지구, 거여, 개롱, 장지택지, 거여택지, 위례택지 3-1단계)","송파동 및 거여동 건축인허가, 중대형 건축물 점검","어린이공원, 소공원 조성계획 입안ㆍ조성 및 유지관리(풍납동, 방이동, 삼전동, 송파동, 석촌동, 잠실본동, 문정동)",토지거래허가 및 부동산거래신고 정밀조사,,"교통영향분석 개선대책 및 협의, 교통체계 개선사업(TSM), 철도노선계획, 건축 도시계획 등 협의","시민신고제, 정보공개 업무","도로굴착업무(상수, 통신, 가스, 개인하수)","풍수해대책(부), 비관리청 관련 협의 및 민원업무(삼전동)",전기설비 및 전기용품관리,"환경공무관 및 운전원 관리, 청소대책수립, 가로청소 민원",음식물류폐기물 처리시설 운영관리,,,접수 수납 발급,방역소독 및 민원처리,,IT건강증진센터,"산모건강증진팀 서무, 지역보건의료계획 및 통합건강증진사업 업무, 서울아기 건강첫걸음 사업",물리치료
11,"통반관리 및 통장협의회, 민주평통 송파구협의회 업무, 남북교류협력사업","다중운집지역 사고 예방사업, 다중운집지역 인파 안전관리, 자율방범대 운영지원","공통기반, 재해복구 시스템 운영관리, 정보시스템 통합유지관리, 행정전자서명(GPKI) 발급",교통환경국 인허가 업무,,"시설관리공단 지도·감독, 주요투자사업 심사·분석, 창의·혁신의 구정상, 올해의 송파정책상","전통시장 상점가 환경개선 및 시설 현대화 총괄, 전통시장 고객지원센터 건립 및 운영, 풍납시장 도시재생 연계사업 관련 업무,조형물 및 공공미술품,여행화장실 운영업무","지출 총괄(구비,기금), 세출예산 월별 지출계획, 서울시통합자금 권한부여 등",공동주택가격 산정업무 총괄,"취득세, 재산세(석촌동)","지방소득세 담당동 부과(잠실3동),(거여1동(종소))","코로나19 입원, 격리자 생활지원비",사회보장급여 통합조사1팀 업무총괄,"공공보육팀 업무 총괄, 국공립어린이집 확충사업 총괄, 국공립어린이집 운영관리 총괄, 국공립어린이집 지도점검 및 안전관리 총괄, 국공립어린이집 연합회 관리",주야간ㆍ단기보호시설 운영 및 관리,-시군구 내부 또는 타 기관으로부터 의뢰된 만13~18세 미만 취약계층 아동의 서비스 제공 기관(청소년 지원기관 등) 연계 -지역사회 돌봄 필요아동 발굴 및 적합한 지역돌봄기관(지역아동센터 등)으로의 연계 -방과후 돌봄서비스 연계체계 구축.운영에 요구되는 실무 지원,장애인지원주택 운영지원,,-평생교육 종합계획 수립 및 평생학습도시 재지정 평가 등,구민회관 방송설비 및 승강기 안전관리,"동네체육시설 관리, 체육시설업 신고 업무, 동력수상레저기구 등록, 비영리체육법인 관리 등",석촌고분 현장 관리,"음악산업법, 게임산업법, 비디오법 관련업 - 허가·등록·신고, 변경, 폐업 등 업무처리 및 시설점검",,,"거여2-1, 거여2-2, 마천3, 거여새마을, 마천2, 마천5 재개발","위반건축물 단속 관리 및 이행강제금 부과(송파1동, 장지동)","광고물업무총괄, 옥외광고물 허가(신고)관리 업무 총괄, 불법광고물 정비 총괄, 간판개선사업 총괄, 정당현수막 관리 총괄","잠실동, 풍납동, 장기미준공 승인, 건축후퇴선","모래놀이터 모래소독 관리, 공원위탁관리단체 지도 감독","검인, 실거래신고",,"어린이보호구역 개선 사업, 어린이보호구역 내 과속단속 CCTV 설치","불법 주정차 단속 종합계획 수립, 팀예산, 결산, 주요 업무계획, 구의회 관련업무, 외부기관 협력, 견인업무",주택 재개발 재건축 도로계획 관련 협의,하천 유지관리,"친환경보일러 지원, 이륜차 정기검사 업무",○ 무단투기 단속 기동반 운영 · 관리 ○ 무단투기 민원처리 (홈페이지 민원) ○ CCTV 설치 및 민원처리,"음식물 폐기물 민원, 수수료, 납부필증 제작 및 관리",,,"건강진단 결과서 접수, 수납, 발급",코로나19 대응 총괄,,임상병리검사업무,"서울아기 건강첫걸음 사업 업무 총괄, 서울아기 건강첫걸음 물품 등 관리, 찾아가는 행복수유 지원사업",재활보건사업(작업치료)
12,"민간 공익활동단체 관리 총괄, 송파커뮤니티센터 운영 및 지역공모사업추진, 태극기 달기 운동관리총괄, 기부심사위원회 및 지명위원회 운영 총괄, 구의회 관련 업무 및 기타 주요현안사항","시설물안전법 관련 제1·2·3종시설물관리, 제3종시설물 지정을 위한 실태조사, 국가안전대진단, 해빙기 시설물 안전점검, 급경사지 안전점검, 재난배상책임보험, 안전관리 자문단 운영","전자문서시스템 운영 및 기능개선, 통합문자발송시스템 운영 관리, 공간정보시스템, 행정정보공동이용, 온나라 계정 관리","교통환경국(도시교통, 주차정책, 맑은환경, 청소행정, 자원활용) 인허가 업무",,"대외기관 공모·평가 업무 총괄, 민간위탁사업 관리 및 위원회 운영, 용역심사위원회 운영",축산물(가공업·식육포장처리업·축산물보관업) 허가,"원천세 및 지급명세서 신고, 세입세출외현금 출납 및 관리","주택가격조사(석촌,삼전,장지,마천동), 주택가격 결정공시 예산편성 및 집행","재산세(잠실3동, 장지동)",지방소득세(거여2동-종합소득분/ 잠실7동),"통합사례관리업무- 오금동, 풍납1동, 풍납2동, 가락1동. 보건복지부129보건복지콜 연계상담. 송파구소나무센터(위기가정통합지원센터) 순환근무","사회보장급여 수급권자 신규 조사, 사회보장급여 수급자 관리(잠실3동, 잠실6동), 기초연금, 장애인연금 업무 총괄",국공립 어린이집 확충 및 확충예산 총괄 등,"재가장기요양기관 관리, 장기요양기관 지정심사위원회 운영","드림스타트사업 예산 및 회계 관리, 드림스타트 마천센터 운영 관리, 아동통합사례관리사(급여·수당)지원, 지역자원(신체/건강, 인지/언어)발굴·연계 및 협약","장애아동가족지원사업(발달재활, 언어치료, 부모심리), 지역사회서비스투자사업, 장애인 바우처 택시, 이룸통장",,송파구 평생학습원운영 및 평생학습원 교육운영계획 수립 / 생애주기별 프로그램 기획 및 운영 / 송파런 진로체험지원센터 운영 및 관리 / 예비평생교육사 실습과정 운영 등,구민회관 기계실 냉온수기. 보일러 운영,오금공원 체육시설 현장관리,석촌동고분관관리,,,,"직장 지역주택조합 총괄, 재개발 정비사업(주택사업 특별회계, 공유재산 관리)","위반건축물 단속 관리 및 이행강제금 부과(가락본동, 가락2동, 풍납1동)","기간제근로자 관리, 정당현수막, 현수막 재활용사업, 각종 수거보상 등","기계설비 및 기계소방 공사감독, 기계설비 유지관리 업무",어린이공원 관리 및 순찰,"토지이동(장지·방이·거여·마천), 지적(확정,세부)측량 성과검사, 지적재조사(세계측지계 변환)",,"교통체계개선,도로교통소통개선,보행환경개선사업,교통사고잦은곳 개선,횡단보도 확충사업 등","의견진술, 렌터카임차인변경, 홈페이지민원(생활불편민원, 주부구정평가단 등)",-도로굴착복구 현장 감리업무(1구역),장지천 관리 업무,전기차 충전 방해행위 단속 등,"환경공무관 후생복지(의류 및 안전용품, 체육행사, 문화시찰, 휴양소, 생일축하금 지급), 환경공무관 휴게실 개선사업, 청소 작업용품 구매, 안전 교육, 배상책임보험 관련 업무",,,,건강증진센터와 대사증후군 판정과 상담(의사),"방역소독 업무, 소독업소 신고 및 관리/ 행정처분, 소독의무대상시설 관리, 코로나19 예방 방역소독, 선별진료소 폐기물 정리 및 방역물품 수급관리",,물리치료실 운영 및 관리,서울아기건강첫걸음,보건지소 영양사업
13,민간 공익활동단체 관리 및 보조금 지급,"환경순찰, 어린이놀이시설, 초고층 및 지하연계복합건축물, 민간다중이용시설, 재해영향평가","새올행정시스템 및 SSO통합로그인 운영, 새올 팝업 운영","진정·질의 민원 접수, 행정안전국 인허가, 교육문화국 인허가, 수렵면허",,"성과관리 부서 종합평가 및 개인평가, 성과관리위원회 운영, 지자체 합동평가, 아이디어 공모 및 실행부서 시상, 국제기구 시티넷 업무","전통시장·상점가 안전(소방)관리 및 주차장 관련 업무, 전통시장·상점가 조형물 및 공공미술품 관련 업무, 골목형상점가 상인회 등록·및 활성화 추진","재무회계, 복식부기 분개, 시비재배정 지출, 구금고 관리","지방세 고액체납자 관리, 출자증권 체납처분 및 특별징수체납 고발",개인 취득세 및 재산세 (위례동),"지방소득세(잠실2동, 거여동)","통합사례관리업무(권역 : 마천2동 /방이1동 / 방이2동 /잠실6동) /오륜동, 129보건복지콜 연계 상담, 소나무센터(위기가정통합지원센터) 순환 근무","사회보장급여 수급권자 신규조사, 수급자 관리(풍납2동), 업무 총괄",국공립어린이집,,"드림스타트 운영계획 수립 관리, 제공서비스(가족지원) 프로그램 기획·운영, 지역 자원(정서/행동) 발굴 · 연계 및 협약, 아동복지기관협의체(사례관리분과), 슈퍼비전, 주간사례회의 운영, 아동통합서비스 사례관리 및 방문서비스, 전산자료 관리, 자원봉사자 및 후원자 관리총괄, 다른 직원에 속하지 않은 업무","장애인 활동지원 사업/중증장애인 응급안전알림서비스/야간순회/발달장애인 지원 사업(공공후견, 개인별 지원계획)",,"동네배움터 교육운영 및 활성화추진, 동네배움터 평생학습 프로그램 기획 운영, 평생학습원 교육 운영","냉난방, 소방, 기계시설 관리",,풍납토성 현장관리,,,,"마천1,4, 마천시장, 위례택지지구, 화훼마을 개발 관련 업무","이행강제금 징수 및 체납관리, 예산회계 및 성과관리,기존무허가 소유권에 관한 사항 및 확인원발급, 무허가 건축물 이행강제금 부과(거여1,2동, 가락1동,문정2동,위례동)","불법 유동광고물 정비(풍납, 거여, 마천, 방이, 오륜, 오금, 문정1, 장지, 위례, 잠실4.6), 현수막 지정게시대 관리","전기, 통신, 소방(전기) 감독","일반 녹지 조성, 가로정원조성","토지이동(잠실, 신천, 송파, 오금, 문정), 지적기준점 관리",,어린이？노인？장애인 보호구역 개선사업 등,"주행형cctv단속장비관리,공용차량관리,취약지역 단속계획,통합플랫폼 기능개선사업",-도로굴착복구 현장 감리업무(2구역),"탄천, 창곡천 관리업무","지하수 관리, 지하수 개발이용 시공업 등, 지하수 이용부담금, 굴착행위 신고, 지하수 보조측정망 관리","가로 및 지역 청소 순찰, 가로휴지통 설치/관리 , 120응답소 민원처리, 불법 소각민원 처리, 환경순찰",,,,의사(예방접종실),코로나19 대응 기간제 인력관리,,IT건강증진센터 건강검진업무.,서울아기 건강첫걸음사업,"통합방문건강관리사업,서울형 입원생활비(유급병가) 지원 총괄,지출 / 서울형 입원생활비(유급병가) 지원 상담문의: 2147-4875(서정협)"
14,"(바르게, 재향, 자총, 해병대,동부범죄피해자지원센터)","중대재해(산업,시민)예방팀 업무 총괄","홈페이지 콘텐츠 관리, 홈페이지 솔루션, 정부원격근무서비스(GVPN)","기획재정국, 주민복지국 인허가처리 업무",,"의회, 자치법규, 규제개혁, 공고 ·고시등 심사업무 등",전통시장·상점가 경영 활성화 업무 / 전통시장 야시장 업무 추진 / 전통시장 온라인 배송(디지털전통시장) 관련 업무 등,"세입.세출결산 총괄, 국비 지출","삼전동, 거여1,2동, 잠실6동 체납업무 및 체납고지서 일괄발송과 조세환급금압류",개인 부동산 취득세 및 재산세(잠실2동 및 석촌동 150-184),지방소득2팀 업무총괄,"통합사례관리(거여2동,석촌동,위례동,가락2동), 129보건복지콜 연계상담, 소나무센터(위기가정통합지원센터) 순환근무",사회보장급여 수급권자 신규 조사 및 관리(잠실본동),"어린이집 예산(보육료, 보육교사 인건비, 처우개선 등)",,아동통합사례관리,장애인 이동기기 지원 등,,"교육경비 보조, 학교급식 및 장학재단 지원 총괄 등",전기시설물 관리,,- 문화재 지정 주민피해 관련 법적대응 등 추진 - 삼표산업 풍납공장 조기이전 추진 - 풍납동 토성 보상 관련 이주대책 추진,,,,,"위반건축물 단속 관리 및 이행강제금 부과(잠실동, 문정1동, 풍납2동)","옥외광고심의위원회 업무 관리, 옥외광고물 안전점검 및 재해방재단 운영 업무, 간판개선사업",건축공사감독,"꽃모 식재, 화단조성 및 유지관리","토지이동, 안심상속, 지적전산자료제공",,"일방통행체계 변경 검토, 교통안전시설·도로표지, 단지내 도로 교통안전시설, 바닥형 보행신호등 설치, 교차로 구조개선사업(사고잦은곳, 회전교차로)",불법 주정차 순찰 및 단속업무,도로운영팀 업무총괄,성내천(성내교 좌측~한강합류부),폐수배출시설 및 기타수질오염원 관리,"환경공무관 임금, 자녀학자금기금 관리, 행정대체인력 운영 및 관리",,,,"식품접객업소 행정처분 및 과태료·과징금 부과 관리, 행정심판·소송, 2차 시설조사(가락동, 방이동, 잠실동), 일반음식점 지도점검관리(기획점검), 유흥·단란 영업허가 취소 및 지도점검 관리, 행정정보 공개(유흥주점 관련 사항), 코로나19 손실보상 업무",역학조사관,,"약사법, 마약류관리에관한법률, 의료기기법에 따른 유기한 민원처리 및 진정민원 (풍납동, 오금동)","서울아기 건강첫걸음 사업, 찾아가는 행복수유 지원사업",AI-IoT업무
15,"송파거버넌스 빌딩 운영관리,","직원교육, 중대재해 예방 종합계획 수립, 예산편성 및 조례 정비, 중대시민재해 예방 업무 지원 등",cctv통합관제센터,부동산정보과 인·허가접수,,○ 법률자문(변호사)○ 자치법규 입안 검토 지원○ 심판 및 소송지원,"농업법인 인허가 및 실태조사, 공익 직불금 신청, 농지취득 자격증명신청, 농지위원회 운영 및 관리 등","급여(봉급 및 수당에 관한 사항), 연말정산",시세체납총괄 및 포상금 관리,"개인 부동산취득세, 재산세(오금동)","지방소득세(마천1, 2동)","통합사례관리(마천1동,거여1동,가락본동,문정2동,잠실4동), 129 보건복지콜 연계상담, 소나무센터(위기가정통합지원) 순환근무",사회보장급여수급권자 신규조사 및 관리(마천1동),"국공립어린이집 위탁 및 환경개선 총괄, 보육정책위원회 운영, 국공립어린이집 운영 관리(가락동, 풍납동, 마천동)",,"아동학대 사례판단 슈퍼바이저, 보호대상아동 연계자원 발굴","장애인시설 지도.감독 총괄, 장애인시설 민원 업무 총괄, 장애인 편의시설 적정설치 여부 확인 및 검토",,"교육경비보조사업, 교육경비 보조심의위원회 운영, 입학준비금 지원 총괄 등",○ 구민회관 현장 관리 총괄 ○ 구민회관 회계처리 및 공무직 관리,,소규모주택 보상 및 보상협의회,,,,,"위반건축물 단속 관리 및 이행강제금 부과(삼전동, 방이1동), 항측 판독결과 현장조사 / 행정처분",불법광고물 정비,"승강기 및 냉방기 유지관리 업무, 기계설비 및 소방(기계) 공사감독",잠실지구 가로수 및 녹지대 인력 및 현장관리,토지관련 재증명 발급,,대중교통 종합계획및 시내 마을버스 운영 총괄,불법 주정차 민원처리 및 상담업무,"제설대책 용역, 종합계획수립 등 업무총괄 / 포장도로 유지관리 공사 총괄 / 의회, 예산 및 감사 / 도로(차도)민원, 비관리청, 공동주택디원(위례동, 오금동)","성내천, 감이천 관리 업무","유해화학물질 유출사고 및 수질오염사고 조치 , 상수원보호구역, 폐수배출시설",무단투기차량 운행 및 환경순찰 등,,,,"식품접객업소 행정처분, 과태료·과징금 부과 관리 및 2차 시설조사, 행정소송 ？ 행정심판(방이동, 문정동), 식품접객업 관리[휴게,제과점,식품자판기,어린이놀이시설(키즈카페),소비자식품위생감시원 운영, 식품접객업소(일반,휴게,집단급식소,제과점) 1차 시설조사, 직권폐업총괄, 행정정보 공개(휴게음식점, 제과점 등 업무에 관한 사항)","감염병 대응 관련 업무 지원, 관용 차량 유지 관리 및 운행",,"약사법, 마약류관리에관한법률, 의료기기법에 따른 유기한 민원처리 및 진정민원 (가락동, 석촌동)","임산부, 영유아프로그램운영, 산모건강증진팀업무",정신건강복지센터 운영
16,"고향사랑기부제 운영,","안전관리자, 도급용역위탁 관련 안전보건관리체계 구축, 위험성 평가 지원 및 점검",CCTV 신규설치 및 성능개선영상정보처리기기 및 통합관제센터 조례 정비CCTV 통계자료 관리,"도시현대화국(건축, 주택, 도시분야) 인허가민원 담당",,"행정심판, 소송, 법률자문, 무료법률상담실, 마을변호사 업무 등","일자리 종합계획 수립, 일자리 공시제, 송파일자리센터(행복나눔센터), 신중년 경력형 일자리사업, ICT산업 기반 전문인력양성과정 운영, 취업성공19데이","직원 초과근무수당, 복리후생비 지급, 시간선택제(한시) 임기제 급여","차량공매,금융자산 압류및 해제",부동산 취득세 신고납부,지방소득세 부과 징수(풍납동 지방소득세),"통합사례관리(잠실본동,송파1동,문정1동,잠실3동,잠실7동),129보건복지콜 연계상담, 소나무센터(위기가정통합지원센터)순환근무",통합조사 및 관리(삼전동),국공립어린이집 운영관리,,"아동학대 조사업무 총괄 , 아동복지심의위원회 구성 및 운영, 사례회의(서울형) 총괄, 정보연계협의체 회의 관련업무, 아동보호전담요원(채용) 관리 등","장애인직업재활시설 운영지원, 장애인체육시설 운영지원, 안전관리 및 지도감독 총괄",,"인재육성 장학재단 운영, 학교폭력예방 계획 수립 및 지역협의회 운영",구민회관 청사관리,,풍납동토성 철거 및 정비,,,,,공동주택 리모델링사업 총괄,"불법 유동광고물 정비(석촌, 삼전, 송파, 가락, 문정2, 잠본,2,3,7), 유동광고물(입간판, 전단지, 현수기 등) 신고 관리",건축 및 토목 공사감독,"문정, 위례 가로수 및 인력 및 현장관리",개별공시지가 조사계획 수립,,"마을버스 지원 정책 및 제도 개선, 재정지원, 모니터링, UAM 관련 업무",불법주정차단속업무,"제설대책 민간용역, 포장도로1,2구역 공사 감독","성내천, 실개천","환경전문공사업, 측정대행업 관리 및 지정 / 의료폐기물 배출업소 관리 및 민원처리 / 특정토양오염관리대상시설 토양오염원 관리",소형가로노면청소차 운행 및 관리,,,,"식품접객업소 행정처분(거여동, 송파동, 풍납동), 음식문화개선사업(모범음식점, 안심식당, 위생등급제), 식품접객업 위생교육 관리, 식품진흥기금 관리, 세외수입 체납 관리",감염병관리팀 업무총괄,,"약사법, 마약류관리에관한법률, 의료기기법에 따른 유기한 민원처리 및 진정민원(잠실동, 신천동, 마천동)","영양플러스사업총괄(기간제관리), 산모건강증진팀 BSC 관리",정신건강복지센터 업무
17,"송파구 기부심사위원회 및 지명위원회 운영,","중대시민재해 예방 업무 총괄, 공중이용시설 위험요인 확인 등 현장점검, 중대시민재해 대응 메뉴얼 마련 및 점검, 시설별 안전점검 및 법정교육 이행점검","정보통신 통합 유지보수, 구내 정보통신망 운영, 정보통신분야 안전관리 계획 수립","도시현대화국(건축, 주택, 도시분야) 인허가 민원 접수 담당",,정책개발,"신중년 사회공헌활동지원사업, 중장년 재취업 양성과정 운영, 직업소개소, 국민취업지원제도 연계협력 업무 추진, 뉴딜일자리사업, 일자리시설 실무협의체, 무급휴직 고용유지지원금",,"차량압류/해제, 관허사업제한","부동산취득세, 재산세 담당(풍납2동, 마천1동 담당)","-지방소득세 담당동 부과업무(문정1동,문정2동-법소,특징)","통합사례관리(송파2동,삼전동,장지동,잠실2동),129 보건복지콜 연계상담, 소나무센터(위기가정통합지원센터) 순환근무",통합조사 및 관리(문정2동),-,,"아동학대 조사업무(신고접수, 현장조사, 응급조치 등), 학대아동 사례관리 업무(그룹홈 포함), 내부사례회의, 아동학대 예방 홍보캠페인, 공공부문 아동학대 예방교육 및 신고자의무교육","장애인거주시설 및 장애인주간보호시설 운영지원 및 안전관리 및 지도감독, 장애인복지시설 안전점검",,"유치원 및 학교 급식지원 사업, 유치원 교육경비보조사업, 모범 졸업생 표창장,초중 영재교육원 지원","구민회관 근무자 복무 관리(당직명령 등), 구민회관 기간제근로자, 청소용역근로자 관리",,부대시설 위탁관리. 임시활용,,,,,"공동주택 행위허가 및 신고, 공동주택 불법건축 민원처리, 공동주택 시설물 관리(FMS, 정기점검, 놀이시설)","고정 옥외광고물 허가(신고) 관리, 불법 고정광고물 정비민원 업무 (석촌동, 삼전동, 송파동, 가락본동, 가락1동, 문정2동, 잠실본동, 잠실2.3.7동), 옥외광고 사업 등록 관리","건축물 구조분야 기술지원, 건축인허가 설계도서(구조분야) 검토, 해체계획서 기술검토, 건축전문위원회 심의도서 검토",가로수 및 띠녹지 조성 유지관리,건축물대장 편제 및 정리 등,,"○ 개인·일반택시 운수사업(개시,휴업 등) 업무 ○ 송파모범운전자회",심야주정차단속,도로관리과 제설,？ 빗물펌프장 전기시설 설계 감독 및 관리,"민방위비상급수 시설 및 수질측정망 관리, 지하수 봉인 및 수질검사, 유출지하수 및 출수량, 굴착행위 신고 및 종료(가락, 풍납, 거여, 마천, 문정, 위례, 송파)",먼지흡입청소환경순찰,,,,"식품접객업소 행정처분(삼전동, 석촌동), 식품접객업 관리(식품자판기, 어린이놀이시설), 재난배상책임보험가입 업무, 서울시 식품접객업 위생지도서비스, 행정정보 공개",감염병관리팀 팀 서무,,"약사법, 마약류관리에관한법률, 의료기기법에 따른 유기한 민원처리 및 진정민원",서울아기 건강첫걸음 사업 운영,정신건강복지센터(자살예방교육 및 유족 관련 사업)
18,주요행사 지원,"보건관리자, 산업안전보건교육 보건 담당, 작업환경측정, 근골격계질환 관리, 근로자 건강관리, 순회 점검",CCTV 유지관리,"부동산정보과 인·허가(부동산중개업, 외국인 토지 취득, 토지거래허가)",,구청장 정책 보좌,"서울 동행일자리사업 추진, 지역공동체 일자리사업 추진, 공공일자리 참여자 안전교육 및 취업지원 운영, 생활임금 업무, 일모아 시스템 관리, 송파일자리센터 키오스크 유지보수, 일자리 가이드북 제작, 특성화고 취업담당관 운영",,"경.공매 교부청구 및 배당금 수령, 회생.파산의 채권신고 및 수령","감면부동산 전수조사 총괄, 가락1동 방이1동 재산세 업무",지방소득세 담당동 부과,"복지자원관리(푸드뱅크 마켓운영지원, 따뜻한겨울나기), 지역사회보장협의체 운영 및 지원, 사회복지의날 행사 등",통합조사 및 관리(송파1동),"송파어린이문화회관 운영 및 지도감독 ,송파어린이문화회관 위탁관련 업무 ,서울형 키즈카페 사업 추진,보육지원팀 서무 ,타 직원에 속하지 아니하는 업무",,"보호대상아동총괄 사례관리, 급여지급, 예산관리/ 아동공동생활가정 운영 지도감독 예산/소년소녀가정전세지원주택","장애인 편의시설 확충·정비사업 - 송파구장애인편의증진기술지원센터 운영지원, 장애인편의시설 공사관련 협의 및 완화신청 처리",,"독서문화진흥사업, 독서문화진흥위원회 운영, 구립 공공도서관 건립, 송파스마트도서관 조성",대관접수및 안내 사무보조 복무관리,,,,,,,"공동주택 리모델링 사업, 리모델링 안전진단, 공동주택 행위허가(신고), 공동주택 불법건축 민원처리","법령 및 조례,고시/옥외광고발전기금 관리/불법 유동광고물 행정처분(과태료)","건축물 건축분야 기술지원, 건축인허가 설계도서(건축분야) 검토","골목길가꾸기, 나무돌보미 사업 등","개별공시지가 조사 업무(석촌,거여,마천) 및 건축물대장 편제(오금,거여,마천)",,"○ 자동차 대여사업, 자가용 유상운송 관련 업무 ○ 운수업체 및 운수종사자 관리, 차고지 관련 업무 ○ 법규위반차량 단속 및 행정처분(밤샘주차 포함) ○ 팀 내 세외수입 업무 총괄 ○ 부서 행정차량 관리",주차단속,"제설대책, 성내천 복개도로 포장공사 감독, 도로(차도)민원(방이동, 송파동, 풍납동)",빗물펌프장 수문 기계시설 설계 감독 및 관리,군소음 보상관련,응답소X 무단투기 단속 및 환경순찰,,,,"식품접객업소 행정처분(신천동,마천동,장지동), 식품접객업 관리( 집단급식소, 위탁급식), 식중독 취약시설 점검 및 예방관리, 식중독 원인조사 및 민원처리, 찾아가는 1830 손씻기 체험교육",결핵실 업무,,"약사법,마약류관리에관한법률, 의료기기법에 따른 유기한 민원처리 및 진정민원 처리 (문정동,장지동,거여동)",맘's 클리닉(모성실) 운영총괄,정신건강사업 총괄
19,"송파커뮤니티센터 운영, 새마을 민간 공익활동단체 관리 , 지역공동체 공모사업 추진, 새마을교육장, 새마을금고 운영 관리",,"정보통신보안, 휴대용저장매체관리","도로점용 인허가 접수, 전문건설업 신규등록 및 갱신",,구청장 소통민원 보좌,"참살이실습터 사업계획, 교육운영, 사후관리, 창취업지원, 창업체험센터 운영, 시설관리",,"지난년도 지방세체납 부동산 압류, 공매, 결손총괄(담당동: 송파동, 오금동)",취득세 및 재산세 부과(방이2동),지방소득세3팀 업무 총괄,"지역사회보장협의체 운영 및 관리, 특수사업 및 민관협력사업, 복지공동체 운영(동 행복울타리,우리동네돌봄단, 명예사회복지공무원)",통합조사 및 관리(가락2동),"송파구육아종합지원센터, 장난감도서관, 시간제보육서비스, 육아지원 코디네이터, 어린이집 안전관리 전문요원, 공동육아방, 놀이체험실",,"아동학대 조사업무(신고접수, 현장조사, 응급조치 등), 학대피해아동 사례관리 업무(그룹홈 포함), 가정위탁아동 지원 및 관리","장애인전용주차구역 과태료 업무 총괄(위반행위 심의, 과태료 부과, 세외수입 담당), 응답소 민원",,"구립도서관 운영 지원 및 감독, 서울도서관 협력 및 공모 사업 등","○ 한성백제문화제 기본계획수립, 추진위원회 운영, 주요 프로그램(개폐막식 등) ,민간문화예술단체",,,,,,,"공동주택 행위허가 및 신고, 공동주택 불법건축 민원처리, 국토안전대진단 안전업무 관련","고정 옥외광고물 허가신고관리 및 정비업무(풍납1.2동, 거여1.2동, 마천1.2동, 방이1.2동, 오륜동, 오금동, 문정1동, 장지동, 위례동, 잠실4.6동), 교통수단이용 및 공공시설이용광고물 허가신고관리 및 정비업무","건축안전센터 업무계획 수립, 건축안전센터 특별회계 예산","오금지구 가로수 및 녹지대 관리(오금동, 가락동, 송파동, 석","개별공시지가 조사 및 총괄(잠실,송파,삼전,문정), 부동산가격공시위원회 운영,개발이익환수에관한법률,건축물대장편제 및 정리 등(석촌,풍납,송파,문정)",,화물자동차운수사업 신고 및 인·허가 관리 등,주정차 단속.,오금동분소 현장관리총괄 도로유지보수 및 제설작업차량관리,"- 펌프장,수문,유수지 등 시설점검 및 운영 유지관리- 신천나들목, 잠실운동장 나들목 육갑문 운영·관리- 유수지 차량침수위험 신속알림시스템 관리- 빗물펌프장 유지관리용품 관리- 유수지 민원처리","미세먼지 관련업무, 대기배출업소 관리, 전문정비사업자 관리, 노후차량 저공해사업",분진청소,,,,"친환경공공급식센터관리,식품안전관리종합계획수립,식품제조가공업,식품첨가물·용기포장류 제조업소,공유주방업,식용얼음판매업, 식품운반업, 식품냉동냉장업소, 부정불량식품,식품 방사능 관련 안전관리에 관한 업무, 위생안전팀서무",결핵업무,,"응급환자이송업 허가 및 구급차관리, 응급의료기관 지정운영, 명절 응급진료대책 수립, 시설물(병원급) 안전관리에 관한 사항, 팀서무에 관한 사항","모성실 접수 및 채혈, 맘편한 임신 서비스, 서울시 남녀 임신준비 지원 사업, 미숙아 등록 관리","중증정신질환자 사례관리(가락본동,가락1,2동), 고위험군 응급개입, 학생정서행동특성화검사 심층상담업무, 중증정신질환자 주간재활활동,가족지원사업등"
20,"국경일 태극기 달기 운동, 태극기 관련 기념 행사 등 추진, 적십자 공익활동 단체 관리 및 보조금 지급, 행정사 관리, 북한이탈주민 지원업무, 과거사 진실규명 신청 및 접수",,"타부서 CCTV 통합설치 추진 및 기술검토, CCTV 이전설치 공사감독 및 하자검수 추진, 실시간 영상중계, 실종자 고속검색 시스템 구축, CCTV 설치 민원처리(부)",보건소 관련 인허가 업무/ 즉결민원처리,,정책연구지원,"구인구직 등록 상담 알선 및 사후관리 - 구인구직 발굴 , 취업상담",,"구세총괄, 명단공개, 출국금지",부동산 취득세 및 재산세 (잠실5동 문정2동 1-2 3 7 8블럭),지방소득세 방이2동 담당,"복지자원 발굴 및 관리, 희망온돌 따뜻한 겨울나기, 이웃돕기 성금/성품 지원, 장학금 지원 및 연계, 저소득 에너지효율개선사업, 송파나눔발전소, 저소득방역지원사업","사회보장급여 책정조사 관리 업무 총괄, 책정조사팀 업무계획 수립, 사례회의 운영 및 슈퍼바이저 수행, 신규 및 전입 직원 멘토링, 고충.특별 민원 대응","가정어린이집 관리 및 지도점검·행정처분(잠실2·잠실4·잠실6·방이·위례·장지·풍납·잠실본·오륜·잠실7동), 보육교사 보수교육 관리 총괄",,"아동학대 조사업무(신고접수, 현장조사, 응급조치 등), 학대피해아동 사례관리 업무(그룹홈 포함), 여성청소년 건강지원사업(위생용품) 지원, 입양아동(입양아동 양육수당, 장애입양아동 양육수당 등)지원 및 관리","장애인복지시설 운영지원, 안전관리 및 지도 감독, 장애인공동생활 가정, 단기보호시설, 송파구수어통역센터, 송파구장애인운전교육원",,"새마을문고 운영지원, 사립작은도서관 운영지원","축제 안전관리 추진, 한성백제문화제 체험프로그램 운영, 관광진흥기금 운용, 민간문화예술단체 지원( 문인)",,,,,,,임대차계약 최초/변경신고(직접방문),불법광고물 정비 및 현장(민원업무)순찰,건축안전센터 운영 현황 관리 등,개발제한구역 관리 등,"개별공시지가 조사, 도시계획 정리, 건축물대장 편재",,"○ 노선버스(시내,공항) 관련 사항○ 시내버스 정류소 신설？조정○ 시내버스 정류소명 변경○ 버스？택시정류소 시설물 관리",불법주정차단속원,제설차량운행 및 관리,잠실 빗물펌프장 관리,"미세먼지 시설물(알림판, 안심공간 등) 운영, 어린이활동공간 환경안전관리 업무, 군소음보상금 신청 및 지급업무(지원), 매연과다신고 차량 처리",소형가로노면청소차 운행 및 관리,,,,"어린이·사회복지급식관리지원센터,어린이건강엑스포,어린이식생활안전관리,목욕,이·미용","법정감염병3,4급관리, 의료관련감염병 감시 및 예방관리 사업, 표본감시 의료기관 운영, 에이즈(HIV)환자관리",,"응급장비(AED) 관련 신고 처리, 점검 및 관리, 코로나19 예방접종 이상반응관리",산모건강증진센터 운동사업 운영,중증정신질환자 사례관리(마천2동 사례관리/집중사례관리/서울(동남권)심리지원센터 임상심리상담 연계 및 관리/센터 홈페이지 홍보/일반상담 및 응급개입
21,"민방위팀 운영총괄, 민방위 전평시 계획수립, 민방위대 편성 및 교육계획 수립 총괄, 을지연습 계획 수립, 민방위 준비명령 및 집행, 민방위대 지도검열 총괄 등",,"CCTV 영상정보 관련 업무(열람, 파기 등), 개인영상정보 민원처리(열람, 존재확인)",보건소 관련 인허가민원/ 즉결처리민원/ 이미용사조리사 면허,,"국 주요업무계획, 예산 및 회계, 구의회 관련 업무, 특수시책, 현안사업 추진","구인,구직,고용노동부 파견 업무,박람회,매칭데이 등",,"마천1동,풍납동 담당(공공기록정보관리,급여/공탁금 압류,체납사실조회)","개인 재산세(문정1동, 문정2동 1-2,3,7,8블럭)","석촌동(종소, 양소, 법인, 특징) 및 오금동(양소)","송파푸드마켓, 우리동네돌봄단, 학원비면제사업","통합조사 및 관리 (잠실2동, 잠실7동)","가정어린이집(서울형) 관리 및 지도점검·행정처분, 가정어린이집 연합회 관리",,"아동학대 조사업무(신고접수, 현장조사, 응급조치 등), 학대피해아동 사례관리 업무(그룹홈 포함), 디딤씨앗통장(CDA)","장애인전용주차구역 새올 상담민원, 장애인전용주차구역 120 현장단속",,,"한성백제문화제 홍보계획 수립 및 추진, 축제 홈페이지 sns 운영, 축제 평가용역 추진, 벚꽃축제 계획 수립, 민간문화예술단체 지원(한예총, 국악)",,,,,,,임대사업자 민원접수 및 상담,광고물 정비,건축전문위원회 운영(부),"생태경관보전지역 관리, 병해충 방제",도로명주소 업무,,○ 교통민원신고 분석 및 심의위원회 운영 ○ 민원불편신고 처리(120 다산콜) ○화물자동차 행정처분 관련 업무,불볍 주정차단속,보도 유지관리공동주택 지원사업보도공사 설계 및 감독비관리청 업무 협의,빗물펌프장 기전시설 소규모 공사 설계 감독 및 관리,o 환경민원처리 기동반 총괄 o 환경관련 민원(소음.먼지 등) o(담당동:거여동. 마천동. 장지동),진공노면분진청소차량운행,,,,"유통전문판매업, 기타식품판매업, 유전자재조합식품 안전관리","역학조사관, 감염취약시설 총괄",,코로나19 예방접종,"산모건강증진센터 모성실 의사, 임산부 건강관리 상담","중증정신질환자관리사업(건강음주희망프로젝트, 송년회, ICM), 중증정신질환자 사례관리(오금동), 일반상담 및 응급개입"
22,"민방위대 조직편성·제외 관리,을지연습 및 충무훈련,주민신고망 및 민방위 경보시설 관리",,"개인정보 처리실태 점검, 개인정보보호 시스템(셜록홈즈 PC정보보안, 접속기록 관리시스템) 관리, 개인정보처리시스템 접속기록 및 접근권한 관리, 개인정보보호 관련 내부규정 정비, 개인정보보호 관리수준 진단","공인관리, 구 게시판 관리, 우편업무 등",,"주요업무계획, 송파비전수립, 정책조정(토론)회의, 구정질문, 특별보고업무(서울시, 대외기관, 국회, 시의원 간담회), 특수시책 및 현안사업 추진",- 구인구직 등록 상담 알선 및 사후관리- 구인구직 발굴,,"과년도 체납총괄, 부동산압류 및 해제","개인 취득세 및 재산세(풍납1동, 잠실1동)","지방소득세 방이1동, 오륜동",돌봄SOS센터 종합계획 수립 및 모니터링 등,통합조사 및 관리(마천2동),"가정어린이집 관리 및 지도점검·행정처분, 보육교직원 경력증명서 발급",,"아동학대 조사업무(신고접수, 현장조사, 응급조치 등), 학대피해아동 사례관리 업무(그룹홈 포함), 아동학대 조사 차량 관리 및 비용 지출","장애인전용주차구역 새올 상담민원, 장애인전용주차구역 120 현장단속",,,"○ 한성백제문화제 전통 먹거리장터 운영 ○ 축제 행사용품 등 물품관리 등 운영 보조 ○ 지역문화 예술행사 지원 ○ 민간문화예술단체 지원(미술, 서화, 사진)",,,,,,,"민간임대주택법 과태료 및 행정처분, 기타 타직원에 속하지 않는 민간임대주택법 관련 업무 등 ※전화문의 02-2147-2975~2978",광고물정비 및 민원처리,"해체 허가(석촌, 풍납, 방이, 송파동)","생태학습관 운영, 생태프로그램,산림통계, 야생동물 신고제도 업무","건물번호 부여(변경·폐지), 상세주소 부여(변경·폐지), 도로명주소 시설물 일제조사·유지보수",,"임시운행허가 및 과태료부과 관리, 인터넷(자동차 신규) 신청 관리",주차단속,"도로교통시설물(도로, 안전표지) 공사감독, 교통시설물 민원처리, 동 주민센터 건의사항(정)",잠실펌프장 전기안전관리자,"1. 자동차 배출가스 단속 및 공회전단속 2.환경관련(소음,먼지,진동) 민원처리(석촌동, 가락동, 문정동)","운전원관리, 청소차량 입출고관리, 현장작업관리, 공무관기동반 근태관리, 순환공원현장관리(반장)",,,,"건강기능식품, 즉석판매제조가공업소 지도관리","감염병 환자 및 의심환자, 감염병 검체 이송. 결핵 검체이송 및 집단결핵 현장조사. 지원코로나19 방역대책반 업무 - 확진자 이송, 확진자 소재 파악. 구급차 및 건강증진과 차량 운영 지원. 유문등 설치 및 검사의뢰. 의약과 응급의료 신속대응반 지원",,국가예방접종,찾아가는 치매안심센터 업무,"중증정신질환자 사례관리(풍납동), 일반상담 및 응급개입, 취약계층치료비지원사업"
23,"민방위교육(계획수립, 전자통지, 교육관리), 민방위의 날 훈련",,"CCTV 설치 민원 처리, CCTV 및 관제센터 공공요금(전기, 통신 등) 납부, 지능형 선별관제 장소 선정 및 학습 관리",대외문서 접수 및 문서배부,,"송파정책자문위원회, 위원회 및 MOU 관리, 구민여론조사, 행정혁신, 정부-시 간부회의(구청장, 부구청장) 및 정책협력","청년정책 총괄, 청년시행계획, 청년조례, 청년네트워크 운영 총괄, 청년 축제, 청년정책아카데미, 민관 협력 청년특화교육, 청년정책제안 발표회 및 성과보고회, 청년 신규사업 발굴",,번호판 영치 및 예산관리,"취득세, 재산세 부과 및 징수[마천2동, 문정2동(훼미리, 1-1블럭)]","지방소득세 정산 총괄, 오금동(종소, 법소, 특징)","서울시 자산형성지원사업 총괄(희망두배 청년통장, 꿈나래 통장), 청년 마음건강지원 바우처 사업, 돌봄SOS서비스 서비스제공기관 수가 확인",통합조사 및 관리(석촌동),"어린이집 지도점검 총괄, 부모모니터링단 운영관리, 직장어린이집 관리, 기간제 근로자 관리, 어린이집 정보공시업무 총괄, 어린이집 평가제 관련업무",,"아동학대 조사업무 (신고접수, 현장조사, 응급조치 등), 학대피해아동 사례관리 업무, e아동행복지원시스템/ 만3세아 전수조사 관련",,,,"동물병원ㆍ동물약국ㆍ동물용의약품 등 관련 업무/가축 전염병 방역(AI, 광견병) 및 축산차량/공수의, 동물보호명예감시원, 동물복지위원회/우리동네 동물병원 사업",,,,,,,임대사업자 민원접수,"지도감독,집단.고질민원 등 민원대응 방안 수립 등",건축공사장 안전관리 제도개선(건설기계분야),병해충 방제사업 인력 및 현장관리,"건물번호 부여(변경·폐지), 상세주소 부여(변경·폐지), 도로명주소 시설물 일제조사·유지보수",,○ 자동차 이전지연 범칙금 관리(특별사법경찰) ○ 자동차 이전등록 업무 총괄,불법주정차 민원업무,녹색주차마을(담장허물기) 공사감독,잠실빗물펌프장 운영유지관리,"1.환경관련 민원(소음, 먼지 등)처리(담당동: 방이동,문정동,오금동) 2. 담당동 비산먼지 발생사업장 점검 3. 흡음형 방음패드 대여 업무","소형 노면 청소차 운행 및 관리, 분진차, 살수차 지원, 불법 무단투기 단속 지원",,,,"공중위생업소(숙박업/세탁업/건물위생업) 지도관리, 국가재난 안전관리 및 재난배상책임보험(숙박업) 업무, 해당업종 공중위생서비스평가, 공중위생업소 자율점검 업무 지원, 공중위생업소 통계 보고, 공중위생업소 정보공개청구, 위생용품 관련 업무, 먹는물 관련 업무","금연-흡연단속 관련 민원, 세외수입, 과태료부과, 이의제기, 의견제출,",,코로나19 예방접종관리 업무,"치매안심팀 서무, 주요업무보고 및 현안사항 업무 등, 치매관리사업 계획수립, 사업추진 및 평가관련 전반 사항, 기간제 및 공공근로 등 채용 및 인력 관리, 치매조기검진 지원, 기타 타직원에 속하지 않은 업무","생애주기별 정신건강증진사업(청년, 노인), 중증정신질환자 사례관리(잠실동), 일반상담 및 응급개입"
24,"사회복무요원 배정 및 복무관리, 사회복무요원 정기 및 수시점검, 사회복무요원 보수지급, 사회복무요원 교육 및 고충처리",,CCTV관제,정보공개,,"공약사업 추진·관리, 주민과의 대화 등 구청장 건의사항 관리, 구청장협의회 등 각종 협의회 관리, 특수시책, 현안사업 추진","송파ICT 청년창업지원센터운영민간위탁, 청년 창업 도전 프로젝트 운영, 중소기업 청년취업인턴제, 송파 청년 CEO 포럼, 청년 1인가구 업무, 송파청년TV 유튜브 운영",,번호판영치 및 포상금,부동산 취득세 및 재산세 (잠실4동 문정2동 10블럭),차량취득세(수시분) 부과징수,"돌봄SOS센터 계획, 예산 관리 및 운영, 민관거버넌스 운영·관리, 돌봄서비스 자원관리 및 업무협약 체결, 가사·간병 방문 지원사업, 코로나19 자가격리자 물품 지원, 기타 타직원에 속하지 않는 업무","통합조사 및 관리(거여2동, 가락1동)","어린이집 안전관리 총괄, 급식지원 등 보건소 관련 업무, 민간어린이집 보조금 지원 및 총괄, 민간어린이집 관리 및 지도점검·행정처분(잠실동, 삼전동, 석촌동, 풍납동, 오금동)",,"보호대상(가정위탁, 입양, 시설) 아동 상담·조사·사후관리등,개별관리보호계획 수립 및 양육상황·원가정 점검(거여1·2동, 마천1·2동,소년예수의집,예성의집).보호대상 아동 현황관리등.아동복지심의위원회 운영 업무.입양관련초기상담",,,,"○ 송파 반려동물 복지센터 설립 총괄, ○ 송파 반려견 놀이터 조성 · 운영, ○ 송파 반려동물 한마당 축제, ○ 이동식 반려견놀이터 댕댕파크 행사",,,,,,,임대사업자 민원 접수,"거리가게 관리(잠실역, 석촌시장), 사회복무요원(가로정비 단속) 관리",건축안전센터 특별회계 업무(전문인력 급여 관련),"개발제한구역 관리[방이,오금,마천,거여동(순찰,단속)] / 생태",,,"○ 자동차 저당권 설정, 말소, 이전, 변경, 건설기계조종사 면허증 발급, 건설기계 의무보험 미가입자 관리(과태료)",불법주정차 단속업무,도로교통시설 포장도로 공사감독,잠실빗물펌프장 관리,"환경관련 민원(소음, 먼지 등)처리(담당동: 풍납동, 삼전동, 잠실동, 진주·미성·크로바아파트주택재건축공사장) 담당동 비산먼지 발생사업장 점검","환경 순찰,차량 관리,가로 노면 청소 차량 운행.",,,,○ 식품위생 민원 및 원산지표시 기본계획 수립 등 총괄 ○ 주요 지시사항 추진계획 수립 및 관리 ○ 집단민원 등 민원대응 방안수립 및 관리,"금연클리닉 운영 관리, 금연구역 흡연 과태료 감면 관련 접수 및 처리 등",,국가예방접종,"상담 및 등록관리(조호물품, 시설관리)","정신건강 전문업무 (정신건강사회복지사) / 학생 정서행동 특성화검사 / 정서지원 사업(맘을 이해해) / ADHD 자녀를 둔 부모교육 / 중증 정신질환자 사례관리(송파1동, 송파2동, 거여1동, 삼전동) / 고위험군 응급출동 및 사후개입 및 기타 팀업무"
25,"민방위 비상대피 및 급수 계획수립, 민방위 시설 장비 비축관리, 민방위 비상대피 시설관리, 민방위 비상급수시설 지정 해제",,,"기록관 운영, 기록물평가심의회, 기록물 전산화사업, 기록관리시스템 운영, 종합서고 관리, 기록물지도점검",,"○지시사항 수명 관리 ○주요연설문, 기고문 등 작성 ○정책실명제","청년예술가지원, 청년취창업멘토링서비스운영,청년이살집주거안심배움터,청년전세보증금반환보증보증료지원사업,성년출발지원금",,청내 번호판 영치총괄,"법인부과팀 업무총괄, 총괄업무계획 수립, 주요업무계획보고 및 현안업무",자동차세 정기분 총괄,"돌봄SOS센터 운영매뉴얼 수립, 돌봄SOS센터 사업 홍보 및 교육 총괄, 돌봄SOS센터 추진실적 등 성과관리 총괄, 돌봄매니저 케어회의 운영, 생활복지통합시스템 운영·관리, 서비스제공기관 수가 정산",통합조사 및 관리(풍납1동),"민간어린이집 관리 및 지도점검·행정처분(가락동, 문정동, 위례동, 장지동), 서울형(민간)·협동어린이집 관리 및 지도점검·행정처분 총괄, 실내 공기질 관리 등 환경부서 관련 업무",,"보호대상 아동 상담·조사·사후관리 등, 개별관리보호계획 수립 및 양육상황·원가정 점검(풍납1,2동, 석촌동, 삼전동, 잠실본동, 잠실2,3,4,6,7동, 한빛마을, 행복한우리), 내부사례회의 관련 업무, 아동복지심의위원회 운영 업무, 입양관련 초기상담",,,,○ 유기동물 및 길고양이 관련 민원○ 유기동물 및 길고양이(TNR)사업○ 길고양이 급식소○ 타직원에 속하지 않는 업무(팀서무),,,,,,,"임대차계약 최초/변경신고(직접방문)한시임기제공무원, 행정대체, 공공근로 관리","집단노점관리,새마을시장 거리가게 관리,보도상영업시설물 관리(가로판매대, 구두수선대),노점특화거리 추진 및 노점실태조사 총괄,인센티브사업 평가","소규모 노후건축물 안전점검(직권·찾아가는), 위험건축물 정밀안전진단·구조보강 공사비용지원사업, 건축물 정기점검, 지진안전시설물 인증 사업, 안전한국훈련, 민간건축물 안전사고 초기대응 및 사례전파, 해체허가(거여·마천·오금·위례동)",,,,자동차등록원부,주차관리단속업무,"(자전거도로, 어린이/노인 보호구역시설 등)","가로등, 보안등 유지관리 감독업무 보조",,"환경순찰, 소형 노면 청소차 운행 및 관리, 먼지흡입차 운행 지원, 무단투기 단속 지원",,,,"○ 식품접객업소 민원처리 및 단속 ※ 풍납동, 방이동, 송파동, 삼전동, 신천동, 잠실동",흡연단속 및 민원처리,,,"치매 조기검진사업, 치매인식개선 및 홍보","중증 정신 질환자사례관리 ( 장지동,위례동,마천1동 ) ,고위험군응급출동개입,사후개입,정신응급체계협의체 관련업무 전반 사항,아산병원자문의심층상담연계 및 관리,직원교육 운영"
26,,,,"가족관계등록사무 총괄, 가족관계등록교합(개명), 가족관계등록기록(친권종료), 신규사업발굴 및 추진계획 수립",,"일반서무, 월중행사, 행정사무 착오보상제, 청문주재자 인력풀, 창의보드 지원, 공유촉진 관련, 새해 달라지는 제도","문정비즈밸리 일자리허브센터 운영,릴레이구인구직데이,기업인터뷰 등",,과태료(자동차세) 체납차량 번호판 영치,잠실동 문정1동 법인 재산세 취득세,차량취득세 및 면허세(차량분) 신고납부,"자활주거업무 총괄관리, 자활주거 주요업무 종합계획 수립, 송파지역자활센터 지도점검 및 운영지원 총괄, 노숙인 순찰 및 종합관리",통합조사 및 관리(위례동),"보육료 및 유아학비 지원 대상자 책정, 민간어린이집 관리 및 지도점검 행정처분(방이동, 거여동, 송파동, 마천동), 열린 어린이집 관리",,"보호대상 아동 상담·조사·사후관리 등 개별관리,보호계획 수립 및 양육상황·원가정 점검(방이1,2동, 오금동, 오륜동, 송파1,2동, 장지동, 위례동, 가락본, 가락1,2동, 문정1,2동, 봄채, 별빛내리는 마을) ,아동복지심의위원회 운영 업무 ,입양관련 초기상담",,,,"○동물등록제 업무○동물(판매업·생산업·전시업·위탁관리업· 미용업·운송업 등) 관련 업무○반려견 행동교정 아카데미 사업○반려견 펫티켓 홍보 및 계도 관련 업무○반려견 민원(개목줄, 입마개, 배변) 관련 업무",,,,,,,임대차계약 최초/변경신고(직접방문),가로환경 정비 및 순찰,"제3종시설물 실태조사, 화재성능보강 지원사업, 시설물안전법 대상 안전관리, 해체 허가(가락 문정 장지), 어린이놀이시설, 급경사지",,,,자동차정보시스템 관리/운행정지업무/ 기타 타 직원에 속하지 않는 업무,불법주정차 민원처리 및 상담,교통시설물 민원처리,"신천빗물펌프장 운영유지관리 , 잠실오수중계펌프장 운영관리,",,"분진 흡입차량 유지관리 및 운행, 환경순찰",,,,"○ 식품접객업소 민원처리 및 단속 ※ 석촌동, 오금동, 가락동, 문정동, 장지동, 마천동, 거여동","흡연단속, 흡연민원, 금연계도및 홍보",,,"치매가족자조모임, 치매가족교육","생애주기별 정신건강증진사업(노인), 중증정신질환자 사례관리(거여2동), 일반상담 및 응급개입, 마음 두드림(정신과적 초기상담) 운영"
27,,,,"가족관계접수, 세외수입 관리(과태료), 인구동향조사관리",,예산업무 총괄,문정비즈밸리 일자리허브센터 운영,,,"법인 취득세, 재산세(거여동, 삼전동)",차량취득세 및 면허세(차량분) 신고납부,"저소득측 임대 주거 지원(영구 임대주택, 기존주택 매입임대, 전세임대), 주거취약계층 주거지원 사업, 서울형임차보증금 지원사업, 희망의 집수리 사업, 노숙인 자립지원 사업",통합조사 및 관리(가락본동),"(출산장려정책, 가족센터 운영 관리 등)",,"송파청소년상담복지센터 운영, 청소년 안전망, 고위기청소년 동반자",,,,,,,,,,,임대사업자 민원접수,"민원처리(풍납,방이,송파,오금,거여,마천,가락동), 민간인력(용역) 관리, 오금동 물품보관소 관리",공사장 안전관리계획 수립 업무지원,,,,"자동차등록원부 발급,자동차등록증재발급 등",불법주정차단속,"(자전거도로, 보호구역, 교통섬, 볼라드)","신천빗물펌프장 운영유지관리 , 잠실오수중계펌프장 운영관리",,무단투기단속 및 환경순찰,,,,원산지 관련홍보원산지표시 지도 점검원산지 관련 행정 처분,"금연구역에서 흡연자 단속, 간접흡연 피해방지, 금연구역 지도 점검 및 계도, 현장 민원 처리, 120민원 접수 제외",,,치매환자 맞춤형 사례관리,"중증정신질환자관리사업(일상생활기술훈련, 문화체험 및 나들이), 중증정신질환자 사례관리(문정동, 석촌동), 일반상담 및 응급개입"
28,,,,가족관계등록 교합 총괄,,"- 담당관, 행정안전국 예산편성 및 운영","사회적경제 기본계획, 사회적경제 및 소셜벤처 관련 조례 관리, 사회적경제지원센터 운영, 사회적경제기업 공공구매 활성화, 협동조합 및 마을기업 지정？신고 관리 및 활성화, 사회적경제 성공모델 키움 프로젝트, 신천 창업인큐베이터 운영 관리",,,"법인 취득세 재산세(가락동, 오륜동, 풍납동, 문정2동-5,6블럭)",차량취득세 및 면허세(차량분) 신고납부,"송파지역자활센터 운영 및 지도감독, 자활기금, 타직원에 속하지 않는 업무","복지급여 통합조사관리 업무 총괄, 통합조사 업무계획 수립, 사례회의 운영 및 슈퍼바이저 수행, 고층(특별)민원 대응, 신규 및 전입직원 멘토링","출생 장려 관련업무 추진(저출생 대응 및 건강가정 시행계획 수립), 가족센터(건강가정,다문화가족지원)운영 및 관리, 1사1다자녀 결연사업, 타 직원에 속하지 않는 업무",,"아동급식 지원(꿈나무 카드, 단체급식), 청소년 유해환경 지도단속 및 행정처분, 아동급식 위원회 및 아동·청소년 지도위원 운영 지원",,,,,,,,,,,주택임대사업자 렌트홈(인터넷접수) 임대차계약신고,"민원처리(잠실,석촌,삼전,문정,장지,위례,오륜동), 노점 및 노상적치물 단속보고, 과태료 부과 및 세외수입 결의, 전통시장 소방통로 확보 합동 훈련 관리",중소형·대형 건축공사장 시기별 안전점검 업무지원,,,,"자동차 변경등록 업무 총괄, 인터넷(변경신고) 신청 처리",주차단속,어린이보호구역&볼라드 민원처리,신천빗물펌프장 안전관리자,,"분진 흡입차 운행 및 가로차,살수차 지원",,,,,흡연단속및민원처리,,,"치매조기검진, 감별검사","생애주기별 정신건강증진사업(청년), 중증정신질환자 사례관리(방이동), 일반상담 및 응급개입"
29,,,,"가족관계 교합, 법원사무, 팀서무",,"-기획재정국, 교육문화국 예산편성 및 운영 -세입총괄 - 투자사업 - 특별교부세, 특별교부금 관리 -성인지예산","(예비)사회적기업 재정 지원, (예비)사회적기업 인증/지정 업무, 사회적경제 관련 조례 관리 및 사회적경제위원회 운영",,,"법인 취득세, 재산세(방이동, 문정2동 7,10블럭, 훼밀리, 유통물류단지)",차량취득세 및 면허세(차량분) 신고납부,"조건부수급자 관리 및 개인별 자활지원계획 수립,시행, 조건부수급자 조건제시유예자 관리, 조건불이행 처리 및 생계급여 중지 결정통보, 차상위 자활대상자 관리, 국민취업지원제도 및 취업지원프로그램(장애인,출소자 등)",통합조사 및 관리(오금동),"아이돌봄지원사업,서울형 아이돌봄비지원, 1인가구 지원사업 총괄, 임산부맞벌이다자녀 가사서비스 지원, 공동육아나눔터 운영",,,,,,,,,,,,,임대사업자 등록신청 / 등록사항 변경신고 / 정보공개청구,가로정비 환경 및 노점단속,해체허가 착공전 안전점검 업무지원,,,,"자동차 말소등록, 자동차 멸실인정 등",심야 불법주정차단속,"보도 유지관리(오금동,잠실동,석촌동,삼전동,마천동,가락동)",몽촌빗물펌프장 시설물 유지관리,,분진흡입차량 운행 및 환경순찰,,,,,"흡연 단속, 현장 민원 처리(각종 민원 업무 제외)",,,"치매노인공공후견사업, 배회예방서비스사업",
30,,,,"가족관계등록 기록(풍납,오금,송파동,서울강북지역,경기도), 주민등록통보",,"교통환경국, 구의회 예산편성 및 운영, 기금 관리 운용, 국시비 보조금 반환, 지방재정현황 공시 및 분석, 예산성과금제도 및 예산낭비신고 운영","센터 운영업무 총괄, 외부 공모사업 추진 등",,,"-법인취득세,재산세(위례동, 장지동,송파동) 지역자원시설세(특정자원분) 총괄(법인)",자동차세 수시분 부과,"자산형성지원사업(희망키움1·2,내일키움,청년희망키움,청년저축계좌) 22년 신규통장사업(청년내일저축계좌, 희망저축계좌1·2) 구 직영 자활근로사업 운영(근로유지, 복지도우미) 노숙인 상담 및 민원처리(부)",사회보장급여 수급권자 신규 조사 및 수급자 관리(장지동),"저소득 한부모 책정 및 관리, 저소득 한부모가족 급여지급 및 보장비용 징수, 저소득 청소년 부모 아동양육비 지원, 아기사랑 나눔센터 운영 및 관리, 서울시 임산부 교통비 지원 사업",,,,,,,,,,,,,임대차계약 최초/변경신고(직접방문)임대사업자 민원 접수 및 상담,가로환경 정비 및 순찰,건축물 건축분야 기술지원 등,,,,"건설기계 등록(신규, 이전, 변경), 건설기계 검사 및 사업자 관리",불법주정차 단속업무,도로조명 유지관리,몽촌펌프장 운영 및 시설 유지관리.,,"소형가로노면청소차 운행 및 관리, 분진차, 살수차 지원, 불법 무단투기 단속 지원",,,,,,,,인지건강프로그램,
31,,,,"가족관계등록 기록(석촌,가락,문정,방이,무동,강원도,충청도,대전광역,세종특별자치), 결격유무조회",,"전략개발기획단, 보건소 예산편성 및 운영, 국고 및 지방보조금, 국·시비 보조금 등 간주처리, 중기지방재정계획, 지방재정동원계획 수립","송파구사회적경제지원센터운영, 센터 예산.회계관리, 입주기업관리 등",,,"법인취득세 신고분 총괄(문정2동-1,3,4,8블럭 공공청사, 마천동,석촌동)",자동차세 연분납 총괄,,"통합조사 및 관리(방이1동, 송파2동)","첫만남이용권 및 출산축하금 지급, 관리/ 육아휴직장려금 지원사업/ 국내,국제 결혼중개업 신고처리 및 지도점검/ 다둥이 행복카드, 서울엄마아빠택시 사업/ 행복출산 원스톱서비스 관련 업무",,,,,,,,,,,,,,가로환경정비순찰,굴토심의 반영여부 기술검토,,,,이륜자동차 업무,불법 주정차 단속 업무,보안등 유지관리 및 개량,풍납빗물펌프장 시설물 유지관리,,"분진 청소 차량 운행 및 관리, 무단 투기 단속 업무 지원",,,,,,,,"인식개선사업 및 치매등록관리 사업, 자원봉사자 관리사업",
32,,,,"가족관계등록 기록(삼전·거여·마천·장지·위례동, 인천광역시, 광주광역시, 전라도, 제주도, 울산광역시), 법원 월보, 예산(법원 보조금 업무)",,"-주민복지국, 도시관리국 예산편성 및 운영 - 주민참여예산제 - 성과계획서 - 이월","사회적경제지원센터 운영, 자치구 사회적경제 통합지원센터 사업운영, 사업실적 관리 등",,,"법인 취득세,재산세(오금동, 문정2동-2블럭·가든파이브), 법인 등록면허세(등록분)",등록면허세(면허분-관외분),,사회보장급여수급권자 신규조사 및 관리(방이2동),가정양육수당 책정 지급 및 사후관리;아동수당 책정 지급 및 사후관리;부모급여 책정 지급 및 사후관리;중국어판 SNS홈페이지 등 자료관리 및 통번역;,,,,,,,,,,,,,,○ 가로환경 정비 및 순찰,건축공사장 안전사고 초기대응 및 사고사례 전파,,,,"자동차 신규등록 업무 총괄, 자동차등록팀 보조인력 관리, 정보공개청구 관리",주차단속업무,제2구역 보안등 유지관리 및 개량공사,풍납빗물펌프장 전기안전관리자,,무단투기 단속,,,,,,,,치매조기검진,
33,,,,"가족관계등록 기록(잠실ㆍ신천동, 서울 강남지역, 경상도, 부산광역시, 대구광역시), 가족관계등록 전산 접수(재판촉탁, 국적통보, 우편통보)",,"시설관리공단 지도·감독, 주요투자사업 심사·분석, 창의·혁신의 구정상, 올해의 송파정책상","사회적경제지원센터 운영, 사회적경제 대외홍보 사업, 전문상담/컨설팅 등",,,"세무1과 법인 세무조사 업무 총괄 , 법인 세무조사 기본계획 수립 및 업무보고",주민세(종업원분) 총괄,,통합조사 및 관리(거여1동),,,,,,,,,,,,,,,가로 정비 / 환경 순찰,"공사장 안전관리계획 수립 총괄, 공사장 시기별 안전점검, 해체허가 착공전 안전점검, 통계 및 현황자료, 공사장 현황 시스템 운영, 공사장분야 국가안전대진단",,,,이륜자동차 등록 업무,주정차 단속및 상담업무,가로등 유지관리,탄천빗물펌프장 전기안전관리,,담배꽁초 무단투기 단속,,,,,,,,고위험군 프로그램담당,
34,,,,가족관계 접수,,"대외기관 공모·평가 업무 총괄, 민간위탁사업 관리 및 위원회 운영, 용역심사위원회 운영",,,,"법인 기획세무조사, 서면조사 총괄",주민세 사업소분,,"통합조사 및 관리(문정1동, 오륜동, 잠실4동)",,,,,,,,,,,,,,,,,,,,"번호판 관리 및 신청, 저공해 자동차 스티커 발급","불법주정차 단속 cctv 의견진술 접수 및 심의, 버스전용차로 단속 등",분수대 및 지하보도 기전시설물 유지관리,탄천빗물펌프장 유지관리,,무단투기단속 업무 및 민원 처리,,,,,,,,정상군 프로그램 담당,
35,,,,,,"성과관리 부서 종합평가 및 개인평가, 성과관리위원회 운영, 지자체 합동평가, 아이디어 공모 및 실행부서 시상, 국제기구 시티넷 업무",,,,"법인 세원발굴, 직접세무조사 총괄",등록면허세(면허분)총괄 관내분,,,,,,,,,,,,,,,,,,,,,,"인증기 수입관리, 인터넷(자동차 이전) 신청 관리","cctv 판독, 상황실 운영",가로등 유지보수 차량 관리,탄천빗물펌프장 관리업무,,정화조,,,,,,,,가족/쉼터 프로그램,
36,,,,,,"의회, 자치법규, 규제개혁, 공고 ·고시등 심사업무 등",,,,,등록면허세 신고분,,,,,,,,,,,,,,,,,,,,,,"교통사고 부재환자 관리(점검), 교통사고환자 선택진료 관련 민원처리","불법주정차단속 CCTV 신규설치 및 유지관리,불법주정차단속CCTV설치관련민원처리","가로등 유지보수, 점검",,,공중화장실 관리,,,,,,,,"자원봉사자 등록 및 관리/기억친구,치매파트너 사업",
37,,,,,,○ 법률자문(변호사)○ 자치법규 입안 검토 지원○ 심판 및 소송지원,,,,,주민세 개인분,,,,,,,,,,,,,,,,,,,,,,"신규 및 이첩사건 처리, 무보험 운행자 통고처분 및 사건송치 등",과태료관리팀 업무 총괄,,,,정화조 건축협의,,,,,,,,"맞춤형 사례관리, 자원연계, 조기검진",
38,,,,,,"행정심판, 소송, 법률자문, 무료법률상담실, 마을변호사 업무 등",,,,,,,,,,,,,,,,,,,,,,,,,,,"○ 세외수입(과태료 압류, 체납, 독촉 등)","팀 예산및 회계,자동차 및 부동산 압류및해제, 과오납환불, 감액, 교부청구",,,,"종량제규격봉투특수규격봉투 제작관리, 공공용봉투 및 감면자용 봉투 공급관리, 종량제규격봉투 환불 관리, 규격봉투 판매소 지정·관리, 규격봉투 판매대금 회수등 세입관리",,,,,,,,"치매조기검진/진단검사, 인식개선 및 교육",
39,,,,,,정책개발,,,,,,,,,,,,,,,,,,,,,,,,,,,자동차의무보험 과태료 업무,"주정차 과태료 조정결의 및 현계, 주정차 과태료 입출금계좌 총괄, 신용카드 수납 자료관리 및 정산, 시효결손, 대체압류",,,,"중대재해 관련업무, 중앙지원센터 소방안전관리자,",,,,,,,,인지건강프로그램,
40,,,,,,구청장 정책 보좌,,,,,,,,,,,,,,,,,,,,,,,,,,,"신규 및 이첩사건 처리, 자동차손해배상보장법 및 자동차관리법 위반 대상 통고처분 및 송치","수시 ·독촉 ·체납고지서 및 안내문 발송, 자동차대여사업자 리스차량에 대한 압류해제, 주정차위반과태료 감액 및 정정, 전자예금 압류, 법원이의신청",,,,EM 배양기·공급기 운영관리,,,,,,,,"치매안심주치의, 사례관리 방문형 인지프로그램 지원",
41,,,,,,구청장 소통민원 보좌,,,,,,,,,,,,,,,,,,,,,,,,,,,"검사연장, 차령연장 관련 등",,,,,"자원순환공원 공공요금관리, 대행업체 공공요금관리, 차량관련 회계처리, 보험 및 법정검사관리, 청소차량 대폐차 업무 및 유지관리",,,,,,,,,
42,,,,,,정책연구지원,,,,,,,,,,,,,,,,,,,,,,,,,,,○ 검사지연(미필) 과태료 부과 징수 및 체납관리,,,,,"공유재산 사용로 관리, 기간제근로자 관리, 산업안전보건교육",,,,,,,,,
43,,,,,,,,,,,,,,,,,,,,,,,,,,,,,,,,,"특별사법경찰관 업무(무단방치차량 현장단속), 자동차관리사업 관련 업무",,,,,", 전기 소방설비 유지관리(전기안전관리자), 전기 통신설비 관련 공사업무, 구내식당 운영",,,,,,,,,
44,,,,,,,,,,,,,,,,,,,,,,,,,,,,,,,,,,,,,,"자원순환공원 시설물 공사,용역업무(지상) 자원순환공원 기전설비 운영관리",,,,,,,,,
45,,,,,,,,,,,,,,,,,,,,,,,,,,,,,,,,,,,,,,"자원순환공원 기계설비 유지관리자, 승강기 유지관리자, 냉.난방설비 유지관리, 기계설비 관련 소규모공사, 주차장시설 유지보수 지원",,,,,,,,,
46,,,,,,,,,,,,,,,,,,,,,,,,,,,,,,,,,,,,,,"자원순환공원 시설관리(통제실 운영), 자원순환공원 냉난방 및 소방 시설관리 운영",,,,,,,,,
47,,,,,,,,,,,,,,,,,,,,,,,,,,,,,,,,,,,,,,건설기계 포함 청소차량 정비 및 유지관리(총괄). 청소차량 정비 부품 관리. 자원순환공원 지하1층2층 차량정비창 및 기전설비 유지관리.,,,,,,,,,
